-- ============================================================
-- vitali-app — Seed de desarrollo generado automáticamente desde QA
-- Fecha: 2026-04-24T21:22:22.575Z
-- ============================================================

-- ============================================================
-- CURRENCIES
-- ============================================================
truncate currencies cascade;

insert into currencies (id, code, name, symbol, decimal_places) values
  ('4c985b98-303d-4480-ae01-38bfa0473a6d', 'USD', 'Dólar', 'US$', 2),
  ('46c38fb6-5137-406b-885d-e1b40937096e', 'UF', 'Unidad de Fomento (Chile)', 'UF', 4),
  ('39265e1a-8bb0-47cd-83a2-c5d66ddbe65b', 'CLP', 'Peso chileno', '$', 0);

-- ============================================================
-- ROLES
-- ============================================================
truncate roles cascade;

insert into roles (id, name, description, created_at) values
  ('cc7f53ec-8419-40a6-a2c6-6ade56145c65', 'Super Admin', 'Acceso total al sistema', '2026-04-06T01:04:40.343381+00:00'),
  ('8343d14c-efe2-4b50-a9c8-04b5d7faa739', 'Admin Inmobiliario', 'Gestiona proyectos, torres, tipologías y departamentos', '2026-04-06T01:04:40.343381+00:00'),
  ('1c7934a6-224e-4e8f-bb49-070f9bf8dad1', 'Vendedor', 'Accede al cotizador y emite cotizaciones', '2026-04-06T01:04:40.343381+00:00');

-- ============================================================
-- TYPOLOGIES
-- ============================================================
truncate typologies cascade;

insert into typologies (id, name, surface_m2, description, created_at) values
  ('38da6156-b423-4822-be92-532a071a6016', 'Chicureo - Suite Armonía', 36.72, null, '2026-04-21T19:55:34.33929+00:00'),
  ('87399012-4d11-430e-94c3-b0edfbdc3c00', 'Chicureo - Suite Escencia 1', 28.8, null, '2026-04-21T19:55:34.33929+00:00'),
  ('9eecc46f-ba57-4c6c-bd44-3aab3e49c8a1', 'Chicureo - Suite Escencia 2', 26.38, null, '2026-04-21T19:55:34.33929+00:00');

-- ============================================================
-- PROJECTS
-- ============================================================
truncate projects cascade;

insert into projects (id, name, description, location, currency_id, annual_interest_rate, french_credit_enabled, smart_credit_enabled, created_at) values
  ('a1b2c3d4-0001-0001-0001-000000000001', 'VS Chicureo', 'Proyecto Chicureo', 'Chicureo, Chile', '46c38fb6-5137-406b-885d-e1b40937096e', 0, true, true, '2026-04-21T19:55:34.917473+00:00');

-- ============================================================
-- TOWERS
-- ============================================================
truncate towers cascade;

insert into towers (id, project_id, name, description, delivery_date, max_financing_years, min_pie_percentage, created_at) values
  ('b0000001-0001-0001-0001-000000000001', 'a1b2c3d4-0001-0001-0001-000000000001', 'Torre 1', null, '2032-12-31', 6, 7, '2026-04-21T19:55:35.472579+00:00'),
  ('b0000002-0001-0001-0001-000000000002', 'a1b2c3d4-0001-0001-0001-000000000001', 'Torre 2', null, '2033-12-31', 7, 7, '2026-04-21T19:55:35.472579+00:00'),
  ('b0000003-0001-0001-0001-000000000003', 'a1b2c3d4-0001-0001-0001-000000000001', 'Torre 3', null, '2034-12-31', 8, 7, '2026-04-21T19:55:35.472579+00:00'),
  ('b0000004-0001-0001-0001-000000000004', 'a1b2c3d4-0001-0001-0001-000000000001', 'Torre 4', null, '2035-12-31', 9, 7, '2026-04-21T19:55:35.472579+00:00'),
  ('b0000005-0001-0001-0001-000000000005', 'a1b2c3d4-0001-0001-0001-000000000001', 'Torre 5', null, '2036-12-31', 10, 7, '2026-04-21T19:55:35.472579+00:00'),
  ('b0000006-0001-0001-0001-000000000006', 'a1b2c3d4-0001-0001-0001-000000000001', 'Torre 6', null, '2037-12-31', 11, 7, '2026-04-21T19:55:35.472579+00:00'),
  ('b0000007-0001-0001-0001-000000000007', 'a1b2c3d4-0001-0001-0001-000000000001', 'Torre 7', null, '2038-12-31', 12, 7, '2026-04-21T19:55:35.472579+00:00'),
  ('b0000008-0001-0001-0001-000000000008', 'a1b2c3d4-0001-0001-0001-000000000001', 'Torre 8', null, '2039-12-31', 13, 7, '2026-04-21T19:55:35.472579+00:00'),
  ('b0000009-0001-0001-0001-000000000009', 'a1b2c3d4-0001-0001-0001-000000000001', 'Torre 9', null, '2040-12-31', 14, 7, '2026-04-21T19:55:35.472579+00:00'),
  ('b0000010-0001-0001-0001-000000000010', 'a1b2c3d4-0001-0001-0001-000000000001', 'Torre 10', null, '2041-12-31', 15, 7, '2026-04-21T19:55:35.472579+00:00');

-- ============================================================
-- UNITS
-- ============================================================
truncate units cascade;

insert into units (id, tower_id, typology_id, unit_number, floor, list_price, created_at) values
  ('277e038c-49c1-4d78-a883-b02af5f4e7c9', 'b0000001-0001-0001-0001-000000000001', '38da6156-b423-4822-be92-532a071a6016', '201', 2, 3304.8, '2026-04-21T19:55:35.807835+00:00'),
  ('f6881666-7f0e-4900-b582-a2ae829a2196', 'b0000001-0001-0001-0001-000000000001', '87399012-4d11-430e-94c3-b0edfbdc3c00', '202', 2, 2592, '2026-04-21T19:55:35.807835+00:00'),
  ('c2990948-68f3-4019-9982-806af3319b73', 'b0000001-0001-0001-0001-000000000001', '87399012-4d11-430e-94c3-b0edfbdc3c00', '203', 2, 2592, '2026-04-21T19:55:35.807835+00:00'),
  ('873ed218-0c18-4ac1-8f7e-4eb0d2ea6cee', 'b0000001-0001-0001-0001-000000000001', '87399012-4d11-430e-94c3-b0edfbdc3c00', '204', 2, 2592, '2026-04-21T19:55:35.807835+00:00'),
  ('e3c302d2-9dcb-456c-860d-0ffb8ffe2d67', 'b0000001-0001-0001-0001-000000000001', '87399012-4d11-430e-94c3-b0edfbdc3c00', '205', 2, 2592, '2026-04-21T19:55:35.807835+00:00'),
  ('82825348-bd43-4cb5-afac-f1cd5661e84c', 'b0000001-0001-0001-0001-000000000001', '38da6156-b423-4822-be92-532a071a6016', '206', 2, 3304.8, '2026-04-21T19:55:35.807835+00:00'),
  ('0a16bb37-1fa2-40e7-836d-96aec5f565d3', 'b0000001-0001-0001-0001-000000000001', '38da6156-b423-4822-be92-532a071a6016', '207', 2, 3304.8, '2026-04-21T19:55:35.807835+00:00'),
  ('c03ba824-d24e-4939-b3a6-b92b738c96d8', 'b0000001-0001-0001-0001-000000000001', '9eecc46f-ba57-4c6c-bd44-3aab3e49c8a1', '208', 2, 2374.2, '2026-04-21T19:55:35.807835+00:00'),
  ('d4a62984-6d27-4086-b06d-b19c92b88486', 'b0000001-0001-0001-0001-000000000001', '9eecc46f-ba57-4c6c-bd44-3aab3e49c8a1', '209', 2, 2374.2, '2026-04-21T19:55:35.807835+00:00'),
  ('bb2dcf65-2f6a-4009-a68e-6707a3550421', 'b0000001-0001-0001-0001-000000000001', '9eecc46f-ba57-4c6c-bd44-3aab3e49c8a1', '210', 2, 2374.2, '2026-04-21T19:55:35.807835+00:00'),
  ('073138c4-11ba-467b-a839-a0cf222e0916', 'b0000001-0001-0001-0001-000000000001', '9eecc46f-ba57-4c6c-bd44-3aab3e49c8a1', '211', 2, 2374.2, '2026-04-21T19:55:35.807835+00:00'),
  ('d4585857-1cf3-4651-b493-b056a5d6323a', 'b0000001-0001-0001-0001-000000000001', '9eecc46f-ba57-4c6c-bd44-3aab3e49c8a1', '212', 2, 2374.2, '2026-04-21T19:55:35.807835+00:00'),
  ('92ee679c-c41e-4cdb-ab37-4ee59fc04794', 'b0000001-0001-0001-0001-000000000001', '9eecc46f-ba57-4c6c-bd44-3aab3e49c8a1', '213', 2, 2374.2, '2026-04-21T19:55:35.807835+00:00'),
  ('ea77a637-d1c1-46c4-89c3-fe3840d934b5', 'b0000001-0001-0001-0001-000000000001', '38da6156-b423-4822-be92-532a071a6016', '214', 2, 3304.8, '2026-04-21T19:55:35.807835+00:00'),
  ('da00baa1-e8ba-49ea-9540-d91a0eab78d6', 'b0000001-0001-0001-0001-000000000001', '38da6156-b423-4822-be92-532a071a6016', '301', 3, 3304.8, '2026-04-21T19:55:35.807835+00:00'),
  ('a0eb3584-8242-4ed8-ad07-98354773ce1b', 'b0000001-0001-0001-0001-000000000001', '87399012-4d11-430e-94c3-b0edfbdc3c00', '302', 3, 2592, '2026-04-21T19:55:35.807835+00:00'),
  ('bb964be8-5676-4714-9853-8f66a3f6c503', 'b0000001-0001-0001-0001-000000000001', '87399012-4d11-430e-94c3-b0edfbdc3c00', '303', 3, 2592, '2026-04-21T19:55:35.807835+00:00'),
  ('6d0bd287-ca9f-4f10-b574-b670539a85ac', 'b0000001-0001-0001-0001-000000000001', '87399012-4d11-430e-94c3-b0edfbdc3c00', '304', 3, 2592, '2026-04-21T19:55:35.807835+00:00'),
  ('40641a64-448c-45b4-b699-a45b307643c7', 'b0000001-0001-0001-0001-000000000001', '87399012-4d11-430e-94c3-b0edfbdc3c00', '305', 3, 2592, '2026-04-21T19:55:35.807835+00:00'),
  ('9ce6cbe3-c222-4e89-8c1e-9bc9994da251', 'b0000001-0001-0001-0001-000000000001', '38da6156-b423-4822-be92-532a071a6016', '306', 3, 3304.8, '2026-04-21T19:55:35.807835+00:00'),
  ('d895126f-aee7-46c4-b893-d6b9672a91a8', 'b0000001-0001-0001-0001-000000000001', '38da6156-b423-4822-be92-532a071a6016', '307', 3, 3304.8, '2026-04-21T19:55:35.807835+00:00'),
  ('22e00487-8384-4d6b-a6eb-a9896f6c9289', 'b0000001-0001-0001-0001-000000000001', '9eecc46f-ba57-4c6c-bd44-3aab3e49c8a1', '308', 3, 2374.2, '2026-04-21T19:55:35.807835+00:00'),
  ('b80579aa-4390-4fc0-b9c0-0603755519e4', 'b0000001-0001-0001-0001-000000000001', '9eecc46f-ba57-4c6c-bd44-3aab3e49c8a1', '309', 3, 2374.2, '2026-04-21T19:55:35.807835+00:00'),
  ('8dbe7144-b112-4a47-b981-526baf42a00c', 'b0000001-0001-0001-0001-000000000001', '9eecc46f-ba57-4c6c-bd44-3aab3e49c8a1', '310', 3, 2374.2, '2026-04-21T19:55:35.807835+00:00'),
  ('7f924f7d-33a2-4f75-90c1-a76c66e1ae99', 'b0000001-0001-0001-0001-000000000001', '9eecc46f-ba57-4c6c-bd44-3aab3e49c8a1', '311', 3, 2374.2, '2026-04-21T19:55:35.807835+00:00'),
  ('31156824-7077-45e8-bd21-2a501c4af417', 'b0000001-0001-0001-0001-000000000001', '9eecc46f-ba57-4c6c-bd44-3aab3e49c8a1', '312', 3, 2374.2, '2026-04-21T19:55:35.807835+00:00'),
  ('3a8e8218-bb3d-4a4d-8144-1aa666b4ff03', 'b0000001-0001-0001-0001-000000000001', '9eecc46f-ba57-4c6c-bd44-3aab3e49c8a1', '313', 3, 2374.2, '2026-04-21T19:55:35.807835+00:00'),
  ('07efaf8d-7521-4908-84d1-7618c2b2bbc1', 'b0000001-0001-0001-0001-000000000001', '38da6156-b423-4822-be92-532a071a6016', '314', 3, 3304.8, '2026-04-21T19:55:35.807835+00:00'),
  ('fcc5de13-88db-42eb-8f05-713a10a1713b', 'b0000001-0001-0001-0001-000000000001', '38da6156-b423-4822-be92-532a071a6016', '401', 4, 3304.8, '2026-04-21T19:55:35.807835+00:00'),
  ('a42efeb0-52a2-43dc-b6ed-9557efc40dd1', 'b0000001-0001-0001-0001-000000000001', '87399012-4d11-430e-94c3-b0edfbdc3c00', '402', 4, 2592, '2026-04-21T19:55:35.807835+00:00'),
  ('a76648de-ab40-4f1f-a3b5-18ebb06236c8', 'b0000001-0001-0001-0001-000000000001', '87399012-4d11-430e-94c3-b0edfbdc3c00', '403', 4, 2592, '2026-04-21T19:55:35.807835+00:00'),
  ('764ae762-948b-4a76-bbfc-a2dce95d3863', 'b0000001-0001-0001-0001-000000000001', '87399012-4d11-430e-94c3-b0edfbdc3c00', '404', 4, 2592, '2026-04-21T19:55:35.807835+00:00'),
  ('82a8060a-7031-4a24-858a-603d495e5cf2', 'b0000001-0001-0001-0001-000000000001', '87399012-4d11-430e-94c3-b0edfbdc3c00', '405', 4, 2592, '2026-04-21T19:55:35.807835+00:00'),
  ('ac520203-3bc8-4956-8b39-2bc358325b9f', 'b0000001-0001-0001-0001-000000000001', '38da6156-b423-4822-be92-532a071a6016', '406', 4, 3304.8, '2026-04-21T19:55:35.807835+00:00'),
  ('93c915fc-ad8d-4dc7-897a-cb147ede8782', 'b0000001-0001-0001-0001-000000000001', '38da6156-b423-4822-be92-532a071a6016', '407', 4, 3304.8, '2026-04-21T19:55:35.807835+00:00'),
  ('a7430870-bb67-4067-937a-c4472389574d', 'b0000001-0001-0001-0001-000000000001', '9eecc46f-ba57-4c6c-bd44-3aab3e49c8a1', '408', 4, 2374.2, '2026-04-21T19:55:35.807835+00:00'),
  ('ddb9dd9c-4507-4a42-be0c-8460d0eb6da1', 'b0000001-0001-0001-0001-000000000001', '9eecc46f-ba57-4c6c-bd44-3aab3e49c8a1', '409', 4, 2374.2, '2026-04-21T19:55:35.807835+00:00'),
  ('beabe31c-1e74-46e3-9d53-cccb28eea1e1', 'b0000001-0001-0001-0001-000000000001', '9eecc46f-ba57-4c6c-bd44-3aab3e49c8a1', '410', 4, 2374.2, '2026-04-21T19:55:35.807835+00:00'),
  ('5adf2cbc-e9ec-45d6-8360-42215c0f6a25', 'b0000001-0001-0001-0001-000000000001', '9eecc46f-ba57-4c6c-bd44-3aab3e49c8a1', '411', 4, 2374.2, '2026-04-21T19:55:35.807835+00:00'),
  ('bb967e09-c211-49db-9e29-590a40361309', 'b0000001-0001-0001-0001-000000000001', '9eecc46f-ba57-4c6c-bd44-3aab3e49c8a1', '412', 4, 2374.2, '2026-04-21T19:55:35.807835+00:00'),
  ('8b27e3ab-77f9-4041-93ec-304900d495d7', 'b0000001-0001-0001-0001-000000000001', '9eecc46f-ba57-4c6c-bd44-3aab3e49c8a1', '413', 4, 2374.2, '2026-04-21T19:55:35.807835+00:00'),
  ('d5a1824e-c000-468b-948f-da37464ecb62', 'b0000001-0001-0001-0001-000000000001', '38da6156-b423-4822-be92-532a071a6016', '414', 4, 3304.8, '2026-04-21T19:55:35.807835+00:00'),
  ('09cc73da-9ba9-4f6d-94de-9cf6b36c27ef', 'b0000001-0001-0001-0001-000000000001', '38da6156-b423-4822-be92-532a071a6016', '501', 5, 3304.8, '2026-04-21T19:55:35.807835+00:00'),
  ('987f3779-ff44-4909-9d5f-dbe37478a417', 'b0000001-0001-0001-0001-000000000001', '87399012-4d11-430e-94c3-b0edfbdc3c00', '502', 5, 2592, '2026-04-21T19:55:35.807835+00:00'),
  ('ebdc26fd-5a14-4785-9ad0-2b721df8e927', 'b0000001-0001-0001-0001-000000000001', '87399012-4d11-430e-94c3-b0edfbdc3c00', '503', 5, 2592, '2026-04-21T19:55:35.807835+00:00'),
  ('e41252cf-d800-49ea-8d32-c8e05964a1ae', 'b0000001-0001-0001-0001-000000000001', '87399012-4d11-430e-94c3-b0edfbdc3c00', '504', 5, 2592, '2026-04-21T19:55:35.807835+00:00'),
  ('e80d3f23-cd77-4229-9f1e-9256749ed3a8', 'b0000001-0001-0001-0001-000000000001', '87399012-4d11-430e-94c3-b0edfbdc3c00', '505', 5, 2592, '2026-04-21T19:55:35.807835+00:00'),
  ('b5e5f98e-9651-47a2-9eee-5b59bd83220e', 'b0000001-0001-0001-0001-000000000001', '38da6156-b423-4822-be92-532a071a6016', '506', 5, 3304.8, '2026-04-21T19:55:35.807835+00:00'),
  ('0546514e-ed47-424b-a40e-7f57df55f8b0', 'b0000001-0001-0001-0001-000000000001', '38da6156-b423-4822-be92-532a071a6016', '507', 5, 3304.8, '2026-04-21T19:55:35.807835+00:00'),
  ('70dead25-ce0a-4000-b11b-0c5b8aa8ce32', 'b0000001-0001-0001-0001-000000000001', '9eecc46f-ba57-4c6c-bd44-3aab3e49c8a1', '508', 5, 2374.2, '2026-04-21T19:55:35.807835+00:00'),
  ('38cb1a56-743f-42ff-a772-47d37bd96cc5', 'b0000001-0001-0001-0001-000000000001', '9eecc46f-ba57-4c6c-bd44-3aab3e49c8a1', '509', 5, 2374.2, '2026-04-21T19:55:36.141531+00:00'),
  ('d3ed7663-f4f7-4bfd-af01-038ced200063', 'b0000001-0001-0001-0001-000000000001', '9eecc46f-ba57-4c6c-bd44-3aab3e49c8a1', '510', 5, 2374.2, '2026-04-21T19:55:36.141531+00:00'),
  ('315a6ce1-e36f-46d6-80fd-73c14411de01', 'b0000001-0001-0001-0001-000000000001', '9eecc46f-ba57-4c6c-bd44-3aab3e49c8a1', '511', 5, 2374.2, '2026-04-21T19:55:36.141531+00:00'),
  ('cbaff5c5-6418-45a4-aa76-cd38b2a9ead1', 'b0000001-0001-0001-0001-000000000001', '9eecc46f-ba57-4c6c-bd44-3aab3e49c8a1', '512', 5, 2374.2, '2026-04-21T19:55:36.141531+00:00'),
  ('3173a8d9-03d7-49d6-82db-6b759d03c85a', 'b0000001-0001-0001-0001-000000000001', '9eecc46f-ba57-4c6c-bd44-3aab3e49c8a1', '513', 5, 2374.2, '2026-04-21T19:55:36.141531+00:00'),
  ('31d7688e-f61b-4c32-8381-35d609c52d6c', 'b0000001-0001-0001-0001-000000000001', '38da6156-b423-4822-be92-532a071a6016', '514', 5, 3304.8, '2026-04-21T19:55:36.141531+00:00'),
  ('a11c2c45-8079-4cba-b1a9-f5d5eec5c629', 'b0000002-0001-0001-0001-000000000002', '38da6156-b423-4822-be92-532a071a6016', '201', 2, 3304.8, '2026-04-21T19:55:36.141531+00:00'),
  ('98150dbd-7fdc-42ad-a654-5d5548d6d10e', 'b0000002-0001-0001-0001-000000000002', '87399012-4d11-430e-94c3-b0edfbdc3c00', '202', 2, 2592, '2026-04-21T19:55:36.141531+00:00'),
  ('6deb0b3b-05a6-4dca-a463-49f9a9febb27', 'b0000002-0001-0001-0001-000000000002', '87399012-4d11-430e-94c3-b0edfbdc3c00', '203', 2, 2592, '2026-04-21T19:55:36.141531+00:00'),
  ('4bed3bf4-95ca-41cb-841a-57f650d7d3e5', 'b0000002-0001-0001-0001-000000000002', '87399012-4d11-430e-94c3-b0edfbdc3c00', '204', 2, 2592, '2026-04-21T19:55:36.141531+00:00'),
  ('f1a82954-8bc1-417f-bb04-2946d06f5fde', 'b0000002-0001-0001-0001-000000000002', '87399012-4d11-430e-94c3-b0edfbdc3c00', '205', 2, 2592, '2026-04-21T19:55:36.141531+00:00'),
  ('22e3d679-82d0-4860-be2b-a23a56ce7362', 'b0000002-0001-0001-0001-000000000002', '38da6156-b423-4822-be92-532a071a6016', '206', 2, 3304.8, '2026-04-21T19:55:36.141531+00:00'),
  ('82ad68b7-cd8d-43d1-be1b-15d7ccfa3cf6', 'b0000002-0001-0001-0001-000000000002', '38da6156-b423-4822-be92-532a071a6016', '207', 2, 3304.8, '2026-04-21T19:55:36.141531+00:00'),
  ('84540028-591c-4b02-bb8b-c15246248b57', 'b0000002-0001-0001-0001-000000000002', '9eecc46f-ba57-4c6c-bd44-3aab3e49c8a1', '208', 2, 2374.2, '2026-04-21T19:55:36.141531+00:00'),
  ('08a48bde-088e-4e52-85e7-354114cae77d', 'b0000002-0001-0001-0001-000000000002', '9eecc46f-ba57-4c6c-bd44-3aab3e49c8a1', '209', 2, 2374.2, '2026-04-21T19:55:36.141531+00:00'),
  ('1b486a08-6393-432e-88b6-a5fd1bf3ad17', 'b0000002-0001-0001-0001-000000000002', '9eecc46f-ba57-4c6c-bd44-3aab3e49c8a1', '210', 2, 2374.2, '2026-04-21T19:55:36.141531+00:00'),
  ('a9d96173-4879-4115-8b55-ae08b0a89d45', 'b0000002-0001-0001-0001-000000000002', '9eecc46f-ba57-4c6c-bd44-3aab3e49c8a1', '211', 2, 2374.2, '2026-04-21T19:55:36.141531+00:00'),
  ('f2de6ae0-bf61-4002-ae04-26a88947cff4', 'b0000002-0001-0001-0001-000000000002', '9eecc46f-ba57-4c6c-bd44-3aab3e49c8a1', '212', 2, 2374.2, '2026-04-21T19:55:36.141531+00:00'),
  ('85e2cb63-9d95-47e7-9c1c-7441fb73e052', 'b0000002-0001-0001-0001-000000000002', '9eecc46f-ba57-4c6c-bd44-3aab3e49c8a1', '213', 2, 2374.2, '2026-04-21T19:55:36.141531+00:00'),
  ('207beffe-c3f9-49b2-ba5c-dc6ac5830b7a', 'b0000002-0001-0001-0001-000000000002', '38da6156-b423-4822-be92-532a071a6016', '214', 2, 3304.8, '2026-04-21T19:55:36.141531+00:00'),
  ('73f5960a-3f22-4785-b8e9-8b186f94db0d', 'b0000002-0001-0001-0001-000000000002', '38da6156-b423-4822-be92-532a071a6016', '301', 3, 3304.8, '2026-04-21T19:55:36.141531+00:00'),
  ('8505f6dc-918d-42e7-a717-95930e563b00', 'b0000002-0001-0001-0001-000000000002', '87399012-4d11-430e-94c3-b0edfbdc3c00', '302', 3, 2592, '2026-04-21T19:55:36.141531+00:00'),
  ('afbca0ec-3430-40a5-babf-61301480b9cc', 'b0000002-0001-0001-0001-000000000002', '87399012-4d11-430e-94c3-b0edfbdc3c00', '303', 3, 2592, '2026-04-21T19:55:36.141531+00:00'),
  ('61e2cd0e-c1c6-437b-ae5b-d3e9a49ecb44', 'b0000002-0001-0001-0001-000000000002', '87399012-4d11-430e-94c3-b0edfbdc3c00', '304', 3, 2592, '2026-04-21T19:55:36.141531+00:00'),
  ('6e107c74-1342-4de5-93a5-a019e345af2d', 'b0000002-0001-0001-0001-000000000002', '87399012-4d11-430e-94c3-b0edfbdc3c00', '305', 3, 2592, '2026-04-21T19:55:36.141531+00:00'),
  ('b0c328c2-cf27-4267-be6b-307eaa0716c8', 'b0000002-0001-0001-0001-000000000002', '38da6156-b423-4822-be92-532a071a6016', '306', 3, 3304.8, '2026-04-21T19:55:36.141531+00:00'),
  ('3e7c8d44-b8af-448a-9b44-07c6bffd8ec9', 'b0000002-0001-0001-0001-000000000002', '38da6156-b423-4822-be92-532a071a6016', '307', 3, 3304.8, '2026-04-21T19:55:36.141531+00:00'),
  ('a0e753cc-8f81-482e-863d-69c66b0f3431', 'b0000002-0001-0001-0001-000000000002', '9eecc46f-ba57-4c6c-bd44-3aab3e49c8a1', '308', 3, 2374.2, '2026-04-21T19:55:36.141531+00:00'),
  ('92f94d4e-3a0f-4da2-ae75-907ea6e422b5', 'b0000002-0001-0001-0001-000000000002', '9eecc46f-ba57-4c6c-bd44-3aab3e49c8a1', '309', 3, 2374.2, '2026-04-21T19:55:36.141531+00:00'),
  ('e54784aa-afb6-4fca-903d-0556cf28d2ab', 'b0000002-0001-0001-0001-000000000002', '9eecc46f-ba57-4c6c-bd44-3aab3e49c8a1', '310', 3, 2374.2, '2026-04-21T19:55:36.141531+00:00'),
  ('719105bb-40c9-42f4-a101-39e27b6ce4b8', 'b0000002-0001-0001-0001-000000000002', '9eecc46f-ba57-4c6c-bd44-3aab3e49c8a1', '311', 3, 2374.2, '2026-04-21T19:55:36.141531+00:00'),
  ('21255a9e-3a7d-43bd-8eea-318c10ab9085', 'b0000002-0001-0001-0001-000000000002', '9eecc46f-ba57-4c6c-bd44-3aab3e49c8a1', '312', 3, 2374.2, '2026-04-21T19:55:36.141531+00:00'),
  ('d7f4507e-3575-41fe-96ee-9d071c582a95', 'b0000002-0001-0001-0001-000000000002', '9eecc46f-ba57-4c6c-bd44-3aab3e49c8a1', '313', 3, 2374.2, '2026-04-21T19:55:36.141531+00:00'),
  ('c9e79b3c-b2b2-4311-9552-d6a1441910cd', 'b0000002-0001-0001-0001-000000000002', '38da6156-b423-4822-be92-532a071a6016', '314', 3, 3304.8, '2026-04-21T19:55:36.141531+00:00'),
  ('4cac5d5f-4f9b-4d91-9584-200c08d9d781', 'b0000002-0001-0001-0001-000000000002', '38da6156-b423-4822-be92-532a071a6016', '401', 4, 3304.8, '2026-04-21T19:55:36.141531+00:00'),
  ('e5d13b58-44e8-4cdc-9af5-e3df20690e68', 'b0000002-0001-0001-0001-000000000002', '87399012-4d11-430e-94c3-b0edfbdc3c00', '402', 4, 2592, '2026-04-21T19:55:36.141531+00:00'),
  ('5706468c-4995-436a-aaf1-c05903aeae63', 'b0000002-0001-0001-0001-000000000002', '87399012-4d11-430e-94c3-b0edfbdc3c00', '403', 4, 2592, '2026-04-21T19:55:36.141531+00:00'),
  ('5ac319c8-de3d-4194-a725-e10be2a8867e', 'b0000002-0001-0001-0001-000000000002', '87399012-4d11-430e-94c3-b0edfbdc3c00', '404', 4, 2592, '2026-04-21T19:55:36.141531+00:00'),
  ('19a120c0-3186-499c-8824-732ccd329a8c', 'b0000002-0001-0001-0001-000000000002', '87399012-4d11-430e-94c3-b0edfbdc3c00', '405', 4, 2592, '2026-04-21T19:55:36.141531+00:00'),
  ('e2db8de6-19d7-4644-97de-ed2c75a20bf9', 'b0000002-0001-0001-0001-000000000002', '38da6156-b423-4822-be92-532a071a6016', '406', 4, 3304.8, '2026-04-21T19:55:36.141531+00:00'),
  ('e156a7cc-36db-4eda-a464-f6a2423d5658', 'b0000002-0001-0001-0001-000000000002', '38da6156-b423-4822-be92-532a071a6016', '407', 4, 3304.8, '2026-04-21T19:55:36.141531+00:00'),
  ('047cc7d7-b18e-436c-a1b7-0788669b9837', 'b0000002-0001-0001-0001-000000000002', '9eecc46f-ba57-4c6c-bd44-3aab3e49c8a1', '408', 4, 2374.2, '2026-04-21T19:55:36.141531+00:00'),
  ('a2bb099f-be72-4c62-a95c-ee60f472024f', 'b0000002-0001-0001-0001-000000000002', '9eecc46f-ba57-4c6c-bd44-3aab3e49c8a1', '409', 4, 2374.2, '2026-04-21T19:55:36.141531+00:00'),
  ('1cdedac7-7afb-4152-8115-5d5ec27caf3a', 'b0000002-0001-0001-0001-000000000002', '9eecc46f-ba57-4c6c-bd44-3aab3e49c8a1', '410', 4, 2374.2, '2026-04-21T19:55:36.141531+00:00'),
  ('b723001e-9422-4f1c-b6be-dbc3b75de981', 'b0000002-0001-0001-0001-000000000002', '9eecc46f-ba57-4c6c-bd44-3aab3e49c8a1', '411', 4, 2374.2, '2026-04-21T19:55:36.141531+00:00'),
  ('dc59c70b-bfd8-410e-8a8c-dd732ce7d69b', 'b0000002-0001-0001-0001-000000000002', '9eecc46f-ba57-4c6c-bd44-3aab3e49c8a1', '412', 4, 2374.2, '2026-04-21T19:55:36.141531+00:00'),
  ('2b2e32f8-ded4-48c9-8822-038c376a0d91', 'b0000002-0001-0001-0001-000000000002', '9eecc46f-ba57-4c6c-bd44-3aab3e49c8a1', '413', 4, 2374.2, '2026-04-21T19:55:36.141531+00:00'),
  ('4fa864b2-0d33-4f56-a96e-8cdddcdbe653', 'b0000002-0001-0001-0001-000000000002', '38da6156-b423-4822-be92-532a071a6016', '414', 4, 3304.8, '2026-04-21T19:55:36.141531+00:00'),
  ('d2650bea-c8b1-4340-8cdb-a1322f355108', 'b0000002-0001-0001-0001-000000000002', '38da6156-b423-4822-be92-532a071a6016', '501', 5, 3304.8, '2026-04-21T19:55:36.141531+00:00'),
  ('7edb83ba-24cb-4da5-99b3-2e569973d61f', 'b0000002-0001-0001-0001-000000000002', '87399012-4d11-430e-94c3-b0edfbdc3c00', '502', 5, 2592, '2026-04-21T19:55:36.141531+00:00'),
  ('a5090684-b903-40e9-9c42-fb7d9d0c52b2', 'b0000002-0001-0001-0001-000000000002', '87399012-4d11-430e-94c3-b0edfbdc3c00', '503', 5, 2592, '2026-04-21T19:55:36.710828+00:00'),
  ('26407009-32a8-4fa3-b8ca-bc0669472c51', 'b0000002-0001-0001-0001-000000000002', '87399012-4d11-430e-94c3-b0edfbdc3c00', '504', 5, 2592, '2026-04-21T19:55:36.710828+00:00'),
  ('5feb9c27-6cbd-4c51-9fec-776c874121cc', 'b0000002-0001-0001-0001-000000000002', '87399012-4d11-430e-94c3-b0edfbdc3c00', '505', 5, 2592, '2026-04-21T19:55:36.710828+00:00'),
  ('d14e75f0-c7a6-4aa0-9d12-162cbf862499', 'b0000002-0001-0001-0001-000000000002', '38da6156-b423-4822-be92-532a071a6016', '506', 5, 3304.8, '2026-04-21T19:55:36.710828+00:00'),
  ('b1ce3b1f-5a30-4034-91ce-b6e362f75a51', 'b0000002-0001-0001-0001-000000000002', '38da6156-b423-4822-be92-532a071a6016', '507', 5, 3304.8, '2026-04-21T19:55:36.710828+00:00'),
  ('1528e9cd-36a8-4a68-b8cd-eccbe72570b5', 'b0000002-0001-0001-0001-000000000002', '9eecc46f-ba57-4c6c-bd44-3aab3e49c8a1', '508', 5, 2374.2, '2026-04-21T19:55:36.710828+00:00'),
  ('fc98a0b6-0347-48bf-a542-f21e66ca99d1', 'b0000002-0001-0001-0001-000000000002', '9eecc46f-ba57-4c6c-bd44-3aab3e49c8a1', '509', 5, 2374.2, '2026-04-21T19:55:36.710828+00:00'),
  ('1aeaedb5-be0a-4845-919e-e13fa1db3cfc', 'b0000002-0001-0001-0001-000000000002', '9eecc46f-ba57-4c6c-bd44-3aab3e49c8a1', '510', 5, 2374.2, '2026-04-21T19:55:36.710828+00:00'),
  ('3b49d8f4-17b7-45da-9ae2-97d3dc540e55', 'b0000002-0001-0001-0001-000000000002', '9eecc46f-ba57-4c6c-bd44-3aab3e49c8a1', '511', 5, 2374.2, '2026-04-21T19:55:36.710828+00:00'),
  ('97e0283e-66cc-472c-9292-34f996479faa', 'b0000002-0001-0001-0001-000000000002', '9eecc46f-ba57-4c6c-bd44-3aab3e49c8a1', '512', 5, 2374.2, '2026-04-21T19:55:36.710828+00:00'),
  ('74a42c68-41f1-40bc-9034-d45964715722', 'b0000002-0001-0001-0001-000000000002', '9eecc46f-ba57-4c6c-bd44-3aab3e49c8a1', '513', 5, 2374.2, '2026-04-21T19:55:36.710828+00:00'),
  ('60432271-6ea2-4408-8921-5dae0ffefdfe', 'b0000002-0001-0001-0001-000000000002', '38da6156-b423-4822-be92-532a071a6016', '514', 5, 3304.8, '2026-04-21T19:55:36.710828+00:00'),
  ('11fcc27f-11bd-4eec-895e-22dccdb534ef', 'b0000003-0001-0001-0001-000000000003', '38da6156-b423-4822-be92-532a071a6016', '201', 2, 3304.8, '2026-04-21T19:55:36.710828+00:00'),
  ('49d08048-1eab-435b-a216-258326db5172', 'b0000003-0001-0001-0001-000000000003', '87399012-4d11-430e-94c3-b0edfbdc3c00', '202', 2, 2592, '2026-04-21T19:55:36.710828+00:00'),
  ('9ea2c2f4-92c5-4d8c-8997-aa6aee7b3a3a', 'b0000003-0001-0001-0001-000000000003', '87399012-4d11-430e-94c3-b0edfbdc3c00', '203', 2, 2592, '2026-04-21T19:55:36.710828+00:00'),
  ('9b108f01-8077-4e0b-a076-099f52f9e538', 'b0000003-0001-0001-0001-000000000003', '87399012-4d11-430e-94c3-b0edfbdc3c00', '204', 2, 2592, '2026-04-21T19:55:36.710828+00:00'),
  ('c713ec56-5f90-4d0b-b749-ccc206505bac', 'b0000003-0001-0001-0001-000000000003', '87399012-4d11-430e-94c3-b0edfbdc3c00', '205', 2, 2592, '2026-04-21T19:55:36.710828+00:00'),
  ('b3ab2afc-1ffc-497f-a472-fe215e8b3cc4', 'b0000003-0001-0001-0001-000000000003', '38da6156-b423-4822-be92-532a071a6016', '206', 2, 3304.8, '2026-04-21T19:55:36.710828+00:00'),
  ('ed4a9bc4-4e2a-4dcc-947e-52200275faa4', 'b0000003-0001-0001-0001-000000000003', '38da6156-b423-4822-be92-532a071a6016', '207', 2, 3304.8, '2026-04-21T19:55:36.710828+00:00'),
  ('7a96bc8f-1d47-4c0d-aab8-66b87fc2fe9f', 'b0000003-0001-0001-0001-000000000003', '9eecc46f-ba57-4c6c-bd44-3aab3e49c8a1', '208', 2, 2374.2, '2026-04-21T19:55:36.710828+00:00'),
  ('c276c494-fae3-44dd-a928-82020230e0a7', 'b0000003-0001-0001-0001-000000000003', '9eecc46f-ba57-4c6c-bd44-3aab3e49c8a1', '209', 2, 2374.2, '2026-04-21T19:55:36.710828+00:00'),
  ('f96aeed6-977c-451a-b3fa-fe2f8d52dba0', 'b0000003-0001-0001-0001-000000000003', '9eecc46f-ba57-4c6c-bd44-3aab3e49c8a1', '210', 2, 2374.2, '2026-04-21T19:55:36.710828+00:00'),
  ('9ce5f105-5f5a-4831-8156-6de9af188309', 'b0000003-0001-0001-0001-000000000003', '9eecc46f-ba57-4c6c-bd44-3aab3e49c8a1', '211', 2, 2374.2, '2026-04-21T19:55:36.710828+00:00'),
  ('ac409374-f72a-4077-97cf-d546eccb8fe0', 'b0000003-0001-0001-0001-000000000003', '9eecc46f-ba57-4c6c-bd44-3aab3e49c8a1', '212', 2, 2374.2, '2026-04-21T19:55:36.710828+00:00'),
  ('66ed2f46-f460-4120-9941-c607dcdaa6d6', 'b0000003-0001-0001-0001-000000000003', '9eecc46f-ba57-4c6c-bd44-3aab3e49c8a1', '213', 2, 2374.2, '2026-04-21T19:55:36.710828+00:00'),
  ('2c0eedb3-3144-45c7-92d0-c99e36d522ce', 'b0000003-0001-0001-0001-000000000003', '38da6156-b423-4822-be92-532a071a6016', '214', 2, 3304.8, '2026-04-21T19:55:36.710828+00:00'),
  ('b06d1927-9091-4300-9261-313a5e99a8e6', 'b0000003-0001-0001-0001-000000000003', '38da6156-b423-4822-be92-532a071a6016', '301', 3, 3304.8, '2026-04-21T19:55:36.710828+00:00'),
  ('64d8bcad-a0b4-4152-b3a5-c9924d276d3f', 'b0000003-0001-0001-0001-000000000003', '87399012-4d11-430e-94c3-b0edfbdc3c00', '302', 3, 2592, '2026-04-21T19:55:36.710828+00:00'),
  ('59900e8b-f7d3-44d9-a670-156da5b82baa', 'b0000003-0001-0001-0001-000000000003', '87399012-4d11-430e-94c3-b0edfbdc3c00', '303', 3, 2592, '2026-04-21T19:55:36.710828+00:00'),
  ('0ce5230c-b4c7-45bc-9016-19f10dafed98', 'b0000003-0001-0001-0001-000000000003', '87399012-4d11-430e-94c3-b0edfbdc3c00', '304', 3, 2592, '2026-04-21T19:55:36.710828+00:00'),
  ('9cd06bd0-f6fc-41ff-9063-fb5c5d1af2ee', 'b0000003-0001-0001-0001-000000000003', '87399012-4d11-430e-94c3-b0edfbdc3c00', '305', 3, 2592, '2026-04-21T19:55:36.710828+00:00'),
  ('65f70186-c785-45c9-be19-fdba54691b6d', 'b0000003-0001-0001-0001-000000000003', '38da6156-b423-4822-be92-532a071a6016', '306', 3, 3304.8, '2026-04-21T19:55:36.710828+00:00'),
  ('723eac80-72a4-4cca-a5a1-32b48a5ed622', 'b0000003-0001-0001-0001-000000000003', '38da6156-b423-4822-be92-532a071a6016', '307', 3, 3304.8, '2026-04-21T19:55:36.710828+00:00'),
  ('fb989a20-5e15-4861-a576-8782f2697b45', 'b0000003-0001-0001-0001-000000000003', '9eecc46f-ba57-4c6c-bd44-3aab3e49c8a1', '308', 3, 2374.2, '2026-04-21T19:55:36.710828+00:00'),
  ('f404ec57-8bb2-4505-ac12-ca3edc58856d', 'b0000003-0001-0001-0001-000000000003', '9eecc46f-ba57-4c6c-bd44-3aab3e49c8a1', '309', 3, 2374.2, '2026-04-21T19:55:36.710828+00:00'),
  ('e58813ab-abbf-4a2e-aeac-67e7d7c113a6', 'b0000003-0001-0001-0001-000000000003', '9eecc46f-ba57-4c6c-bd44-3aab3e49c8a1', '310', 3, 2374.2, '2026-04-21T19:55:36.710828+00:00'),
  ('cb5378e7-8e40-4ae6-8c45-0e66e737d823', 'b0000003-0001-0001-0001-000000000003', '9eecc46f-ba57-4c6c-bd44-3aab3e49c8a1', '311', 3, 2374.2, '2026-04-21T19:55:36.710828+00:00'),
  ('1487514c-5bb6-44b8-b989-cc1e61977c77', 'b0000003-0001-0001-0001-000000000003', '9eecc46f-ba57-4c6c-bd44-3aab3e49c8a1', '312', 3, 2374.2, '2026-04-21T19:55:36.710828+00:00'),
  ('a04cc296-f8c9-4f40-9e4d-5fd565a1d8ce', 'b0000003-0001-0001-0001-000000000003', '9eecc46f-ba57-4c6c-bd44-3aab3e49c8a1', '313', 3, 2374.2, '2026-04-21T19:55:36.710828+00:00'),
  ('1498c9be-592f-4d65-a6ba-15f3788054e5', 'b0000003-0001-0001-0001-000000000003', '38da6156-b423-4822-be92-532a071a6016', '314', 3, 3304.8, '2026-04-21T19:55:36.710828+00:00'),
  ('d3d452ea-8eaa-410d-95c0-3e11b87e4efa', 'b0000003-0001-0001-0001-000000000003', '38da6156-b423-4822-be92-532a071a6016', '401', 4, 3304.8, '2026-04-21T19:55:36.710828+00:00'),
  ('80ca1c59-a248-4700-949e-a7b40ac659a0', 'b0000003-0001-0001-0001-000000000003', '87399012-4d11-430e-94c3-b0edfbdc3c00', '402', 4, 2592, '2026-04-21T19:55:36.710828+00:00'),
  ('f1b1c11a-8800-4e18-ac0f-ddad1154187a', 'b0000003-0001-0001-0001-000000000003', '87399012-4d11-430e-94c3-b0edfbdc3c00', '403', 4, 2592, '2026-04-21T19:55:36.710828+00:00'),
  ('929bcafc-01ee-4160-80b6-4be6530e949f', 'b0000003-0001-0001-0001-000000000003', '87399012-4d11-430e-94c3-b0edfbdc3c00', '404', 4, 2592, '2026-04-21T19:55:36.710828+00:00'),
  ('c24395dc-1a97-45f7-9862-65ae5dbb1711', 'b0000003-0001-0001-0001-000000000003', '87399012-4d11-430e-94c3-b0edfbdc3c00', '405', 4, 2592, '2026-04-21T19:55:36.710828+00:00'),
  ('7080d218-694d-4f3b-b670-872679fe7ea7', 'b0000003-0001-0001-0001-000000000003', '38da6156-b423-4822-be92-532a071a6016', '406', 4, 3304.8, '2026-04-21T19:55:36.710828+00:00'),
  ('ef42a3dc-6f8b-48bd-a243-d5c7a84df7b1', 'b0000003-0001-0001-0001-000000000003', '38da6156-b423-4822-be92-532a071a6016', '407', 4, 3304.8, '2026-04-21T19:55:36.710828+00:00'),
  ('91392531-40ae-44bf-bf50-6088afabcd60', 'b0000003-0001-0001-0001-000000000003', '9eecc46f-ba57-4c6c-bd44-3aab3e49c8a1', '408', 4, 2374.2, '2026-04-21T19:55:36.710828+00:00'),
  ('ed1814d9-4cb4-440d-a5ec-19f06b53b55c', 'b0000003-0001-0001-0001-000000000003', '9eecc46f-ba57-4c6c-bd44-3aab3e49c8a1', '409', 4, 2374.2, '2026-04-21T19:55:36.710828+00:00'),
  ('d2e4e250-538f-4643-a5ca-602feb74fb90', 'b0000003-0001-0001-0001-000000000003', '9eecc46f-ba57-4c6c-bd44-3aab3e49c8a1', '410', 4, 2374.2, '2026-04-21T19:55:36.710828+00:00'),
  ('28285184-36ac-43e6-8db6-767012a222f9', 'b0000003-0001-0001-0001-000000000003', '9eecc46f-ba57-4c6c-bd44-3aab3e49c8a1', '411', 4, 2374.2, '2026-04-21T19:55:37.3051+00:00'),
  ('4202b617-ab6f-440b-b702-7e4888e1b7d2', 'b0000003-0001-0001-0001-000000000003', '9eecc46f-ba57-4c6c-bd44-3aab3e49c8a1', '412', 4, 2374.2, '2026-04-21T19:55:37.3051+00:00'),
  ('0d64d0a8-1e28-4c83-8bcd-d0a6ee2c59b1', 'b0000003-0001-0001-0001-000000000003', '9eecc46f-ba57-4c6c-bd44-3aab3e49c8a1', '413', 4, 2374.2, '2026-04-21T19:55:37.3051+00:00'),
  ('922ff7e3-a426-4878-8a14-d5245cf8b724', 'b0000003-0001-0001-0001-000000000003', '38da6156-b423-4822-be92-532a071a6016', '414', 4, 3304.8, '2026-04-21T19:55:37.3051+00:00'),
  ('c9b63116-6d99-4f43-b744-702c48e66527', 'b0000003-0001-0001-0001-000000000003', '38da6156-b423-4822-be92-532a071a6016', '501', 5, 3304.8, '2026-04-21T19:55:37.3051+00:00'),
  ('54552ee2-7f4f-47aa-8bd4-e44d79cad8c0', 'b0000003-0001-0001-0001-000000000003', '87399012-4d11-430e-94c3-b0edfbdc3c00', '502', 5, 2592, '2026-04-21T19:55:37.3051+00:00'),
  ('0ba3490f-4803-4004-8391-82f2ed0acd4e', 'b0000003-0001-0001-0001-000000000003', '87399012-4d11-430e-94c3-b0edfbdc3c00', '503', 5, 2592, '2026-04-21T19:55:37.3051+00:00'),
  ('eb88d5c7-1197-464b-9250-91ea393a637a', 'b0000003-0001-0001-0001-000000000003', '87399012-4d11-430e-94c3-b0edfbdc3c00', '504', 5, 2592, '2026-04-21T19:55:37.3051+00:00'),
  ('45ab9842-7506-4e78-8157-0eb8b032dc57', 'b0000003-0001-0001-0001-000000000003', '87399012-4d11-430e-94c3-b0edfbdc3c00', '505', 5, 2592, '2026-04-21T19:55:37.3051+00:00'),
  ('6656bf2c-d535-470f-9bf9-ae195c2d4614', 'b0000003-0001-0001-0001-000000000003', '38da6156-b423-4822-be92-532a071a6016', '506', 5, 3304.8, '2026-04-21T19:55:37.3051+00:00'),
  ('3d58b182-c0a5-4f78-8d66-20145aaa35ab', 'b0000003-0001-0001-0001-000000000003', '38da6156-b423-4822-be92-532a071a6016', '507', 5, 3304.8, '2026-04-21T19:55:37.3051+00:00'),
  ('c794c439-59f2-406e-b77f-923a5e051a60', 'b0000003-0001-0001-0001-000000000003', '9eecc46f-ba57-4c6c-bd44-3aab3e49c8a1', '508', 5, 2374.2, '2026-04-21T19:55:37.3051+00:00'),
  ('301e4918-601b-4e99-93e2-35c1f2b86116', 'b0000003-0001-0001-0001-000000000003', '9eecc46f-ba57-4c6c-bd44-3aab3e49c8a1', '509', 5, 2374.2, '2026-04-21T19:55:37.3051+00:00'),
  ('0a6dd202-91e3-48d5-a645-52735ab47e16', 'b0000003-0001-0001-0001-000000000003', '9eecc46f-ba57-4c6c-bd44-3aab3e49c8a1', '510', 5, 2374.2, '2026-04-21T19:55:37.3051+00:00'),
  ('8a103e65-0d25-476c-9aa1-c5d435a1c7fe', 'b0000003-0001-0001-0001-000000000003', '9eecc46f-ba57-4c6c-bd44-3aab3e49c8a1', '511', 5, 2374.2, '2026-04-21T19:55:37.3051+00:00'),
  ('cd0caf83-4b95-4500-a28c-13d4ab01f62b', 'b0000003-0001-0001-0001-000000000003', '9eecc46f-ba57-4c6c-bd44-3aab3e49c8a1', '512', 5, 2374.2, '2026-04-21T19:55:37.3051+00:00'),
  ('03f52fbf-bffa-4c5b-8c09-f2bbec5fe79c', 'b0000003-0001-0001-0001-000000000003', '9eecc46f-ba57-4c6c-bd44-3aab3e49c8a1', '513', 5, 2374.2, '2026-04-21T19:55:37.3051+00:00'),
  ('93d4d09e-b27d-4acf-bee1-a110883ac407', 'b0000003-0001-0001-0001-000000000003', '38da6156-b423-4822-be92-532a071a6016', '514', 5, 3304.8, '2026-04-21T19:55:37.3051+00:00'),
  ('7583a4c9-d1fb-4e0e-8c1b-31bc139518f1', 'b0000004-0001-0001-0001-000000000004', '38da6156-b423-4822-be92-532a071a6016', '201', 2, 3304.8, '2026-04-21T19:55:37.3051+00:00'),
  ('cdbd748d-90ba-4e8e-9c68-e8642b758148', 'b0000004-0001-0001-0001-000000000004', '87399012-4d11-430e-94c3-b0edfbdc3c00', '202', 2, 2592, '2026-04-21T19:55:37.3051+00:00'),
  ('1be32f84-06b7-4c6e-b08f-91548732c28c', 'b0000004-0001-0001-0001-000000000004', '87399012-4d11-430e-94c3-b0edfbdc3c00', '203', 2, 2592, '2026-04-21T19:55:37.3051+00:00'),
  ('522cdd63-d7a7-4581-bfe7-056069911671', 'b0000004-0001-0001-0001-000000000004', '87399012-4d11-430e-94c3-b0edfbdc3c00', '204', 2, 2592, '2026-04-21T19:55:37.3051+00:00'),
  ('94a43614-8bed-4e6b-9f2b-ca5d68998f14', 'b0000004-0001-0001-0001-000000000004', '87399012-4d11-430e-94c3-b0edfbdc3c00', '205', 2, 2592, '2026-04-21T19:55:37.3051+00:00'),
  ('66ecdd49-21b0-40f8-9934-c09fb3df0893', 'b0000004-0001-0001-0001-000000000004', '38da6156-b423-4822-be92-532a071a6016', '206', 2, 3304.8, '2026-04-21T19:55:37.3051+00:00'),
  ('2eb42851-ec07-4b90-8b76-94722989d334', 'b0000004-0001-0001-0001-000000000004', '38da6156-b423-4822-be92-532a071a6016', '207', 2, 3304.8, '2026-04-21T19:55:37.3051+00:00'),
  ('f18ff626-10dc-446a-9c68-e24a1ac5ca50', 'b0000004-0001-0001-0001-000000000004', '9eecc46f-ba57-4c6c-bd44-3aab3e49c8a1', '208', 2, 2374.2, '2026-04-21T19:55:37.3051+00:00'),
  ('814c9922-8613-46ca-b170-3bca777c7fe6', 'b0000004-0001-0001-0001-000000000004', '9eecc46f-ba57-4c6c-bd44-3aab3e49c8a1', '209', 2, 2374.2, '2026-04-21T19:55:37.3051+00:00'),
  ('5ea894f9-ee13-4fb8-bfdb-53d411eafd6a', 'b0000004-0001-0001-0001-000000000004', '9eecc46f-ba57-4c6c-bd44-3aab3e49c8a1', '210', 2, 2374.2, '2026-04-21T19:55:37.3051+00:00'),
  ('985df96c-43d1-40f8-9eb4-81fd1c263ac6', 'b0000004-0001-0001-0001-000000000004', '9eecc46f-ba57-4c6c-bd44-3aab3e49c8a1', '211', 2, 2374.2, '2026-04-21T19:55:37.3051+00:00'),
  ('3e320731-0ab8-44fc-94e7-a130d4ca90ac', 'b0000004-0001-0001-0001-000000000004', '9eecc46f-ba57-4c6c-bd44-3aab3e49c8a1', '212', 2, 2374.2, '2026-04-21T19:55:37.3051+00:00'),
  ('506ff840-be14-4fd9-b27f-1af7f96823f3', 'b0000004-0001-0001-0001-000000000004', '9eecc46f-ba57-4c6c-bd44-3aab3e49c8a1', '213', 2, 2374.2, '2026-04-21T19:55:37.3051+00:00'),
  ('8762d49a-010a-469b-8652-770fba8aab15', 'b0000004-0001-0001-0001-000000000004', '38da6156-b423-4822-be92-532a071a6016', '214', 2, 3304.8, '2026-04-21T19:55:37.3051+00:00'),
  ('142f1930-eea1-40c2-bba3-9a0ee8a888ce', 'b0000004-0001-0001-0001-000000000004', '38da6156-b423-4822-be92-532a071a6016', '301', 3, 3304.8, '2026-04-21T19:55:37.3051+00:00'),
  ('ad1eb498-55d3-47e3-aa9b-67d6e800d387', 'b0000004-0001-0001-0001-000000000004', '87399012-4d11-430e-94c3-b0edfbdc3c00', '302', 3, 2592, '2026-04-21T19:55:37.3051+00:00'),
  ('3b2ca49c-54ca-492b-8ae3-91c043b343e2', 'b0000004-0001-0001-0001-000000000004', '87399012-4d11-430e-94c3-b0edfbdc3c00', '303', 3, 2592, '2026-04-21T19:55:37.3051+00:00'),
  ('3524998e-d4c1-47e4-896e-ce182f289e68', 'b0000004-0001-0001-0001-000000000004', '87399012-4d11-430e-94c3-b0edfbdc3c00', '304', 3, 2592, '2026-04-21T19:55:37.3051+00:00'),
  ('ef0d9631-3fbd-4fc7-9024-e6ad6f0c8377', 'b0000004-0001-0001-0001-000000000004', '87399012-4d11-430e-94c3-b0edfbdc3c00', '305', 3, 2592, '2026-04-21T19:55:37.3051+00:00'),
  ('1997e9e3-975a-4626-9750-b262fda95f78', 'b0000004-0001-0001-0001-000000000004', '38da6156-b423-4822-be92-532a071a6016', '306', 3, 3304.8, '2026-04-21T19:55:37.3051+00:00'),
  ('3ed285d1-8f39-46f3-bf7b-d747cb313de3', 'b0000004-0001-0001-0001-000000000004', '38da6156-b423-4822-be92-532a071a6016', '307', 3, 3304.8, '2026-04-21T19:55:37.3051+00:00'),
  ('688d4d96-cc85-42b6-8ab0-b42d4de397e5', 'b0000004-0001-0001-0001-000000000004', '9eecc46f-ba57-4c6c-bd44-3aab3e49c8a1', '308', 3, 2374.2, '2026-04-21T19:55:37.3051+00:00'),
  ('8e770686-868c-46f2-98da-0d4f3f4bdaab', 'b0000004-0001-0001-0001-000000000004', '9eecc46f-ba57-4c6c-bd44-3aab3e49c8a1', '309', 3, 2374.2, '2026-04-21T19:55:37.3051+00:00'),
  ('7f2f3814-ea5b-474e-b558-89cfb8790176', 'b0000004-0001-0001-0001-000000000004', '9eecc46f-ba57-4c6c-bd44-3aab3e49c8a1', '310', 3, 2374.2, '2026-04-21T19:55:37.3051+00:00'),
  ('9c48b2dc-5ec3-466d-a79b-3d0afc408a0e', 'b0000004-0001-0001-0001-000000000004', '9eecc46f-ba57-4c6c-bd44-3aab3e49c8a1', '311', 3, 2374.2, '2026-04-21T19:55:37.3051+00:00'),
  ('28d5a1b7-2607-40d8-b264-99dd92a7ab49', 'b0000004-0001-0001-0001-000000000004', '9eecc46f-ba57-4c6c-bd44-3aab3e49c8a1', '312', 3, 2374.2, '2026-04-21T19:55:37.3051+00:00'),
  ('e6f372f3-2668-4e59-88af-c8fbd4f03618', 'b0000004-0001-0001-0001-000000000004', '9eecc46f-ba57-4c6c-bd44-3aab3e49c8a1', '313', 3, 2374.2, '2026-04-21T19:55:37.3051+00:00'),
  ('ec3ae2d5-a62a-4c1c-bf64-98828abbfa1d', 'b0000004-0001-0001-0001-000000000004', '38da6156-b423-4822-be92-532a071a6016', '314', 3, 3304.8, '2026-04-21T19:55:37.3051+00:00'),
  ('986e86dd-1da0-4125-9c84-97e77fa0ad37', 'b0000004-0001-0001-0001-000000000004', '38da6156-b423-4822-be92-532a071a6016', '401', 4, 3304.8, '2026-04-21T19:55:37.3051+00:00'),
  ('aecca21f-df5f-4b6c-9676-48d8fd627841', 'b0000004-0001-0001-0001-000000000004', '87399012-4d11-430e-94c3-b0edfbdc3c00', '402', 4, 2592, '2026-04-21T19:55:37.3051+00:00'),
  ('c7bd3419-4988-4e91-ba02-87445265a984', 'b0000004-0001-0001-0001-000000000004', '87399012-4d11-430e-94c3-b0edfbdc3c00', '403', 4, 2592, '2026-04-21T19:55:37.3051+00:00'),
  ('e275f370-0701-468b-8745-c4ec2a697a30', 'b0000004-0001-0001-0001-000000000004', '87399012-4d11-430e-94c3-b0edfbdc3c00', '404', 4, 2592, '2026-04-21T19:55:37.3051+00:00'),
  ('a95a81d9-6579-4d01-bbe0-54b978e3b56e', 'b0000004-0001-0001-0001-000000000004', '87399012-4d11-430e-94c3-b0edfbdc3c00', '405', 4, 2592, '2026-04-21T19:55:37.613791+00:00'),
  ('3df19296-4124-487c-a754-4e4eece37b68', 'b0000004-0001-0001-0001-000000000004', '38da6156-b423-4822-be92-532a071a6016', '406', 4, 3304.8, '2026-04-21T19:55:37.613791+00:00'),
  ('f24d9f4f-23c2-4765-b1a3-89e1f0cc1156', 'b0000004-0001-0001-0001-000000000004', '38da6156-b423-4822-be92-532a071a6016', '407', 4, 3304.8, '2026-04-21T19:55:37.613791+00:00'),
  ('378ee04d-ee07-468e-85e0-2988f702a7f3', 'b0000004-0001-0001-0001-000000000004', '9eecc46f-ba57-4c6c-bd44-3aab3e49c8a1', '408', 4, 2374.2, '2026-04-21T19:55:37.613791+00:00'),
  ('309e9be6-35eb-460d-8449-d74a6895d186', 'b0000004-0001-0001-0001-000000000004', '9eecc46f-ba57-4c6c-bd44-3aab3e49c8a1', '409', 4, 2374.2, '2026-04-21T19:55:37.613791+00:00'),
  ('8731ce14-23ff-4a9f-932e-1e82b44d336c', 'b0000004-0001-0001-0001-000000000004', '9eecc46f-ba57-4c6c-bd44-3aab3e49c8a1', '410', 4, 2374.2, '2026-04-21T19:55:37.613791+00:00'),
  ('90d99892-4aef-470c-8710-cd14316606f1', 'b0000004-0001-0001-0001-000000000004', '9eecc46f-ba57-4c6c-bd44-3aab3e49c8a1', '411', 4, 2374.2, '2026-04-21T19:55:37.613791+00:00'),
  ('9f73627e-4789-4e86-a171-fdc461980733', 'b0000004-0001-0001-0001-000000000004', '9eecc46f-ba57-4c6c-bd44-3aab3e49c8a1', '412', 4, 2374.2, '2026-04-21T19:55:37.613791+00:00'),
  ('111f940c-b430-45bf-a3ec-3faf15bf640d', 'b0000004-0001-0001-0001-000000000004', '9eecc46f-ba57-4c6c-bd44-3aab3e49c8a1', '413', 4, 2374.2, '2026-04-21T19:55:37.613791+00:00'),
  ('44b59797-2b56-4d5b-8264-a0e9b9c80441', 'b0000004-0001-0001-0001-000000000004', '38da6156-b423-4822-be92-532a071a6016', '414', 4, 3304.8, '2026-04-21T19:55:37.613791+00:00'),
  ('6fcb3c2a-2a63-4ab1-8afa-35896a8f5047', 'b0000004-0001-0001-0001-000000000004', '38da6156-b423-4822-be92-532a071a6016', '501', 5, 3304.8, '2026-04-21T19:55:37.613791+00:00'),
  ('271adf94-a234-4a42-a207-681c8307e258', 'b0000004-0001-0001-0001-000000000004', '87399012-4d11-430e-94c3-b0edfbdc3c00', '502', 5, 2592, '2026-04-21T19:55:37.613791+00:00'),
  ('970e56c8-7406-4838-bffb-215c1272c60e', 'b0000004-0001-0001-0001-000000000004', '87399012-4d11-430e-94c3-b0edfbdc3c00', '503', 5, 2592, '2026-04-21T19:55:37.613791+00:00'),
  ('d4a18b4d-9157-428b-bd6c-46bc6e1ce015', 'b0000004-0001-0001-0001-000000000004', '87399012-4d11-430e-94c3-b0edfbdc3c00', '504', 5, 2592, '2026-04-21T19:55:37.613791+00:00'),
  ('835da446-c5a9-4930-a6a4-834e32c03d96', 'b0000004-0001-0001-0001-000000000004', '87399012-4d11-430e-94c3-b0edfbdc3c00', '505', 5, 2592, '2026-04-21T19:55:37.613791+00:00'),
  ('de637cf3-ac2e-4f92-a60c-22aa951d339d', 'b0000004-0001-0001-0001-000000000004', '38da6156-b423-4822-be92-532a071a6016', '506', 5, 3304.8, '2026-04-21T19:55:37.613791+00:00'),
  ('84e3ad3d-b034-40dc-9e7e-8f1ae75775f3', 'b0000004-0001-0001-0001-000000000004', '38da6156-b423-4822-be92-532a071a6016', '507', 5, 3304.8, '2026-04-21T19:55:37.613791+00:00'),
  ('e637c8b2-f7f4-4d15-b667-3d0f6f0c4d24', 'b0000004-0001-0001-0001-000000000004', '9eecc46f-ba57-4c6c-bd44-3aab3e49c8a1', '508', 5, 2374.2, '2026-04-21T19:55:37.613791+00:00'),
  ('e4a70862-8b33-4390-8135-7cdbd7f0bfef', 'b0000004-0001-0001-0001-000000000004', '9eecc46f-ba57-4c6c-bd44-3aab3e49c8a1', '509', 5, 2374.2, '2026-04-21T19:55:37.613791+00:00'),
  ('444f275e-c44d-49c7-9d8b-3c18509df060', 'b0000004-0001-0001-0001-000000000004', '9eecc46f-ba57-4c6c-bd44-3aab3e49c8a1', '510', 5, 2374.2, '2026-04-21T19:55:37.613791+00:00'),
  ('a94bf964-83d9-4e3d-ae05-d461b04d13ed', 'b0000004-0001-0001-0001-000000000004', '9eecc46f-ba57-4c6c-bd44-3aab3e49c8a1', '511', 5, 2374.2, '2026-04-21T19:55:37.613791+00:00'),
  ('1ad15868-d5dd-4ccc-bf4e-9908458a384a', 'b0000004-0001-0001-0001-000000000004', '9eecc46f-ba57-4c6c-bd44-3aab3e49c8a1', '512', 5, 2374.2, '2026-04-21T19:55:37.613791+00:00'),
  ('72317347-db17-4a35-a487-ac9e39d985d9', 'b0000004-0001-0001-0001-000000000004', '9eecc46f-ba57-4c6c-bd44-3aab3e49c8a1', '513', 5, 2374.2, '2026-04-21T19:55:37.613791+00:00'),
  ('ac52fdb9-fb5f-48db-9981-b7460af28b4c', 'b0000004-0001-0001-0001-000000000004', '38da6156-b423-4822-be92-532a071a6016', '514', 5, 3304.8, '2026-04-21T19:55:37.613791+00:00'),
  ('a6e31dba-8938-4166-9b6e-73f9283117ad', 'b0000005-0001-0001-0001-000000000005', '38da6156-b423-4822-be92-532a071a6016', '201', 2, 3304.8, '2026-04-21T19:55:37.613791+00:00'),
  ('28482122-72b4-4b38-87d8-854311c68683', 'b0000005-0001-0001-0001-000000000005', '87399012-4d11-430e-94c3-b0edfbdc3c00', '202', 2, 2592, '2026-04-21T19:55:37.613791+00:00'),
  ('ed22c039-3933-479d-907d-19781ed5458e', 'b0000005-0001-0001-0001-000000000005', '87399012-4d11-430e-94c3-b0edfbdc3c00', '203', 2, 2592, '2026-04-21T19:55:37.613791+00:00'),
  ('3cfa54a8-5be9-40d1-94b0-e14cb022f123', 'b0000005-0001-0001-0001-000000000005', '87399012-4d11-430e-94c3-b0edfbdc3c00', '204', 2, 2592, '2026-04-21T19:55:37.613791+00:00'),
  ('b6493d4e-ee64-4b74-aad7-399abb9a7a99', 'b0000005-0001-0001-0001-000000000005', '87399012-4d11-430e-94c3-b0edfbdc3c00', '205', 2, 2592, '2026-04-21T19:55:37.613791+00:00'),
  ('5a0a7564-f768-4c91-bce5-434835699459', 'b0000005-0001-0001-0001-000000000005', '38da6156-b423-4822-be92-532a071a6016', '206', 2, 3304.8, '2026-04-21T19:55:37.613791+00:00'),
  ('a5d3bdd4-cdb2-4f17-b3e9-456d58e43725', 'b0000005-0001-0001-0001-000000000005', '38da6156-b423-4822-be92-532a071a6016', '207', 2, 3304.8, '2026-04-21T19:55:37.613791+00:00'),
  ('a03e40dc-66d0-4cce-abbc-635d06b5bc91', 'b0000005-0001-0001-0001-000000000005', '9eecc46f-ba57-4c6c-bd44-3aab3e49c8a1', '208', 2, 2374.2, '2026-04-21T19:55:37.613791+00:00'),
  ('6a2d3e0c-d7df-47c8-b617-161c87b6dcde', 'b0000005-0001-0001-0001-000000000005', '9eecc46f-ba57-4c6c-bd44-3aab3e49c8a1', '209', 2, 2374.2, '2026-04-21T19:55:37.613791+00:00'),
  ('f544d78a-5be8-43e5-9e13-1727a34c8640', 'b0000005-0001-0001-0001-000000000005', '9eecc46f-ba57-4c6c-bd44-3aab3e49c8a1', '210', 2, 2374.2, '2026-04-21T19:55:37.613791+00:00'),
  ('eb73fa7d-a03b-4f25-9453-a3a8bbab409b', 'b0000005-0001-0001-0001-000000000005', '9eecc46f-ba57-4c6c-bd44-3aab3e49c8a1', '211', 2, 2374.2, '2026-04-21T19:55:37.613791+00:00'),
  ('5098ef74-b3c2-4754-af13-df727e33f9f5', 'b0000005-0001-0001-0001-000000000005', '9eecc46f-ba57-4c6c-bd44-3aab3e49c8a1', '212', 2, 2374.2, '2026-04-21T19:55:37.613791+00:00'),
  ('a3a94f25-7f42-4b11-b6d8-9f1364ec2603', 'b0000005-0001-0001-0001-000000000005', '9eecc46f-ba57-4c6c-bd44-3aab3e49c8a1', '213', 2, 2374.2, '2026-04-21T19:55:37.613791+00:00'),
  ('57c6a18d-8e59-4a9d-9e5e-9f86809f8810', 'b0000005-0001-0001-0001-000000000005', '38da6156-b423-4822-be92-532a071a6016', '214', 2, 3304.8, '2026-04-21T19:55:37.613791+00:00'),
  ('ee99f1bf-7a90-4797-8a1e-5c6cee764081', 'b0000005-0001-0001-0001-000000000005', '38da6156-b423-4822-be92-532a071a6016', '301', 3, 3304.8, '2026-04-21T19:55:37.613791+00:00'),
  ('5c4d4de0-ffe2-4c31-8e04-3093dd7a1003', 'b0000005-0001-0001-0001-000000000005', '87399012-4d11-430e-94c3-b0edfbdc3c00', '302', 3, 2592, '2026-04-21T19:55:37.613791+00:00'),
  ('11662d59-6f63-4e24-afee-9e343872c9c6', 'b0000005-0001-0001-0001-000000000005', '87399012-4d11-430e-94c3-b0edfbdc3c00', '303', 3, 2592, '2026-04-21T19:55:37.613791+00:00'),
  ('3c81dddb-f9fd-466f-82e9-7e1317520ac0', 'b0000005-0001-0001-0001-000000000005', '87399012-4d11-430e-94c3-b0edfbdc3c00', '304', 3, 2592, '2026-04-21T19:55:37.613791+00:00'),
  ('ec2ae0d0-d77d-4168-9bd3-082d998fa575', 'b0000005-0001-0001-0001-000000000005', '87399012-4d11-430e-94c3-b0edfbdc3c00', '305', 3, 2592, '2026-04-21T19:55:37.613791+00:00'),
  ('a348395d-8e77-4ec4-9bd5-9e7ed1e92155', 'b0000005-0001-0001-0001-000000000005', '38da6156-b423-4822-be92-532a071a6016', '306', 3, 3304.8, '2026-04-21T19:55:37.613791+00:00'),
  ('7b105303-107d-4e74-b6c2-04b14c5dad91', 'b0000005-0001-0001-0001-000000000005', '38da6156-b423-4822-be92-532a071a6016', '307', 3, 3304.8, '2026-04-21T19:55:37.613791+00:00'),
  ('0b508bfc-e37f-4a0a-bdf8-97c85d0ebc6d', 'b0000005-0001-0001-0001-000000000005', '9eecc46f-ba57-4c6c-bd44-3aab3e49c8a1', '308', 3, 2374.2, '2026-04-21T19:55:37.613791+00:00'),
  ('bb7d2916-c2c6-4728-9816-0b6fb9f203a6', 'b0000005-0001-0001-0001-000000000005', '9eecc46f-ba57-4c6c-bd44-3aab3e49c8a1', '309', 3, 2374.2, '2026-04-21T19:55:37.613791+00:00'),
  ('f7ea338d-7590-4126-8516-ffe43fede2f9', 'b0000005-0001-0001-0001-000000000005', '9eecc46f-ba57-4c6c-bd44-3aab3e49c8a1', '310', 3, 2374.2, '2026-04-21T19:55:37.613791+00:00'),
  ('8f20b406-ebfd-4c26-a49d-158518b8223b', 'b0000005-0001-0001-0001-000000000005', '9eecc46f-ba57-4c6c-bd44-3aab3e49c8a1', '311', 3, 2374.2, '2026-04-21T19:55:37.613791+00:00'),
  ('d2963a4d-596c-43d6-b56f-e3800413175e', 'b0000005-0001-0001-0001-000000000005', '9eecc46f-ba57-4c6c-bd44-3aab3e49c8a1', '312', 3, 2374.2, '2026-04-21T19:55:37.613791+00:00'),
  ('9b0fedb5-e539-4348-9be1-7070e420e6a9', 'b0000005-0001-0001-0001-000000000005', '9eecc46f-ba57-4c6c-bd44-3aab3e49c8a1', '313', 3, 2374.2, '2026-04-21T19:55:39.831145+00:00'),
  ('ec56375f-c193-45fd-9136-008cf9b911b4', 'b0000005-0001-0001-0001-000000000005', '38da6156-b423-4822-be92-532a071a6016', '314', 3, 3304.8, '2026-04-21T19:55:39.831145+00:00'),
  ('2b1c4f89-c907-431e-b3bc-cf6566ca7e0b', 'b0000005-0001-0001-0001-000000000005', '38da6156-b423-4822-be92-532a071a6016', '401', 4, 3304.8, '2026-04-21T19:55:39.831145+00:00'),
  ('cf954ca3-bcf5-479d-b80a-ff32774b7fdf', 'b0000005-0001-0001-0001-000000000005', '87399012-4d11-430e-94c3-b0edfbdc3c00', '402', 4, 2592, '2026-04-21T19:55:39.831145+00:00'),
  ('651fcbe8-289b-4aa9-98d6-846497bb6222', 'b0000005-0001-0001-0001-000000000005', '87399012-4d11-430e-94c3-b0edfbdc3c00', '403', 4, 2592, '2026-04-21T19:55:39.831145+00:00'),
  ('8d8717b3-05d5-477a-819c-25d90dd4e4db', 'b0000005-0001-0001-0001-000000000005', '87399012-4d11-430e-94c3-b0edfbdc3c00', '404', 4, 2592, '2026-04-21T19:55:39.831145+00:00'),
  ('35f6de3a-af82-4804-9b8d-e54f28a8ccc5', 'b0000005-0001-0001-0001-000000000005', '87399012-4d11-430e-94c3-b0edfbdc3c00', '405', 4, 2592, '2026-04-21T19:55:39.831145+00:00'),
  ('e57071b5-8895-407d-8def-c480bb91648c', 'b0000005-0001-0001-0001-000000000005', '38da6156-b423-4822-be92-532a071a6016', '406', 4, 3304.8, '2026-04-21T19:55:39.831145+00:00'),
  ('e5c48912-f0c0-4bd2-9a24-3550abe9facc', 'b0000005-0001-0001-0001-000000000005', '38da6156-b423-4822-be92-532a071a6016', '407', 4, 3304.8, '2026-04-21T19:55:39.831145+00:00'),
  ('2a939fc7-4c5c-4fb8-9bbd-5f56e8b20e49', 'b0000005-0001-0001-0001-000000000005', '9eecc46f-ba57-4c6c-bd44-3aab3e49c8a1', '408', 4, 2374.2, '2026-04-21T19:55:39.831145+00:00'),
  ('202bd0dc-2e96-4694-94cf-a8d8e6dbbcf8', 'b0000005-0001-0001-0001-000000000005', '9eecc46f-ba57-4c6c-bd44-3aab3e49c8a1', '409', 4, 2374.2, '2026-04-21T19:55:39.831145+00:00'),
  ('24c1efe4-be39-4508-887e-dee76db0d495', 'b0000005-0001-0001-0001-000000000005', '9eecc46f-ba57-4c6c-bd44-3aab3e49c8a1', '410', 4, 2374.2, '2026-04-21T19:55:39.831145+00:00'),
  ('9c3c2993-53a1-4b17-a9ce-20f2c2c12043', 'b0000005-0001-0001-0001-000000000005', '9eecc46f-ba57-4c6c-bd44-3aab3e49c8a1', '411', 4, 2374.2, '2026-04-21T19:55:39.831145+00:00'),
  ('b62e8a88-d5ff-4a21-8b7e-74cf402cc9e3', 'b0000005-0001-0001-0001-000000000005', '9eecc46f-ba57-4c6c-bd44-3aab3e49c8a1', '412', 4, 2374.2, '2026-04-21T19:55:39.831145+00:00'),
  ('75fe4e9d-5ddf-40ec-a717-a513326da5dd', 'b0000005-0001-0001-0001-000000000005', '9eecc46f-ba57-4c6c-bd44-3aab3e49c8a1', '413', 4, 2374.2, '2026-04-21T19:55:39.831145+00:00'),
  ('6de48730-7171-440a-af87-b5c719354afb', 'b0000005-0001-0001-0001-000000000005', '38da6156-b423-4822-be92-532a071a6016', '414', 4, 3304.8, '2026-04-21T19:55:39.831145+00:00'),
  ('d1757417-44b3-4d58-b634-b02abd09eb61', 'b0000005-0001-0001-0001-000000000005', '38da6156-b423-4822-be92-532a071a6016', '501', 5, 3304.8, '2026-04-21T19:55:39.831145+00:00'),
  ('429c1c7a-503c-46a0-a4ab-5a054ec4295d', 'b0000005-0001-0001-0001-000000000005', '87399012-4d11-430e-94c3-b0edfbdc3c00', '502', 5, 2592, '2026-04-21T19:55:39.831145+00:00'),
  ('1c1e0d8f-8f3f-4c44-a7b2-fb5cc19dd618', 'b0000005-0001-0001-0001-000000000005', '87399012-4d11-430e-94c3-b0edfbdc3c00', '503', 5, 2592, '2026-04-21T19:55:39.831145+00:00'),
  ('7012106d-03af-4c62-9e33-660c11fddc1a', 'b0000005-0001-0001-0001-000000000005', '87399012-4d11-430e-94c3-b0edfbdc3c00', '504', 5, 2592, '2026-04-21T19:55:39.831145+00:00'),
  ('57434e55-6592-4977-9c8c-d52c01cffcbd', 'b0000005-0001-0001-0001-000000000005', '87399012-4d11-430e-94c3-b0edfbdc3c00', '505', 5, 2592, '2026-04-21T19:55:39.831145+00:00'),
  ('056e5db9-2474-423d-8441-ab6878794c0a', 'b0000005-0001-0001-0001-000000000005', '38da6156-b423-4822-be92-532a071a6016', '506', 5, 3304.8, '2026-04-21T19:55:39.831145+00:00'),
  ('242b5a9b-ebc1-40d7-af67-12528fe9af27', 'b0000005-0001-0001-0001-000000000005', '38da6156-b423-4822-be92-532a071a6016', '507', 5, 3304.8, '2026-04-21T19:55:39.831145+00:00'),
  ('26e49148-05af-457e-ae79-fb0b1d627bfd', 'b0000005-0001-0001-0001-000000000005', '9eecc46f-ba57-4c6c-bd44-3aab3e49c8a1', '508', 5, 2374.2, '2026-04-21T19:55:39.831145+00:00'),
  ('baae8244-d038-4f61-95e3-50cc20b4a982', 'b0000005-0001-0001-0001-000000000005', '9eecc46f-ba57-4c6c-bd44-3aab3e49c8a1', '509', 5, 2374.2, '2026-04-21T19:55:39.831145+00:00'),
  ('b046c57a-8a37-4bbc-933b-a20995495d7f', 'b0000005-0001-0001-0001-000000000005', '9eecc46f-ba57-4c6c-bd44-3aab3e49c8a1', '510', 5, 2374.2, '2026-04-21T19:55:39.831145+00:00'),
  ('e39f3827-2d22-4fbc-92d7-b684f41e3b9c', 'b0000005-0001-0001-0001-000000000005', '9eecc46f-ba57-4c6c-bd44-3aab3e49c8a1', '511', 5, 2374.2, '2026-04-21T19:55:39.831145+00:00'),
  ('8c26bdc2-fe09-4065-9f2f-5e5a1e5c60d2', 'b0000005-0001-0001-0001-000000000005', '9eecc46f-ba57-4c6c-bd44-3aab3e49c8a1', '512', 5, 2374.2, '2026-04-21T19:55:39.831145+00:00'),
  ('ece56891-dc59-45e5-b1d6-a45919ce4709', 'b0000005-0001-0001-0001-000000000005', '9eecc46f-ba57-4c6c-bd44-3aab3e49c8a1', '513', 5, 2374.2, '2026-04-21T19:55:39.831145+00:00'),
  ('7a0147da-fe62-4a12-842e-83752eca2640', 'b0000005-0001-0001-0001-000000000005', '38da6156-b423-4822-be92-532a071a6016', '514', 5, 3304.8, '2026-04-21T19:55:39.831145+00:00'),
  ('6ad0514a-5321-41c9-b1ad-164fbbef3360', 'b0000006-0001-0001-0001-000000000006', '38da6156-b423-4822-be92-532a071a6016', '201', 2, 3304.8, '2026-04-21T19:55:39.831145+00:00'),
  ('0d041d0d-967c-4ca6-90e6-430b95ce4dea', 'b0000006-0001-0001-0001-000000000006', '87399012-4d11-430e-94c3-b0edfbdc3c00', '202', 2, 2592, '2026-04-21T19:55:39.831145+00:00'),
  ('b7c869b2-0d99-49ff-871e-8ee8a6dd721b', 'b0000006-0001-0001-0001-000000000006', '87399012-4d11-430e-94c3-b0edfbdc3c00', '203', 2, 2592, '2026-04-21T19:55:39.831145+00:00'),
  ('6033b3d6-ae27-4253-ad37-8bfae95b1adf', 'b0000006-0001-0001-0001-000000000006', '87399012-4d11-430e-94c3-b0edfbdc3c00', '204', 2, 2592, '2026-04-21T19:55:39.831145+00:00'),
  ('e0fc2f1e-6d41-4ff4-a840-c51896e4b973', 'b0000006-0001-0001-0001-000000000006', '87399012-4d11-430e-94c3-b0edfbdc3c00', '205', 2, 2592, '2026-04-21T19:55:39.831145+00:00'),
  ('f9a992c6-f118-45ea-bcef-b57eb66180e6', 'b0000006-0001-0001-0001-000000000006', '38da6156-b423-4822-be92-532a071a6016', '206', 2, 3304.8, '2026-04-21T19:55:39.831145+00:00'),
  ('6d8ccc08-ad01-41f9-99ca-3fcbb0ac1dea', 'b0000006-0001-0001-0001-000000000006', '38da6156-b423-4822-be92-532a071a6016', '207', 2, 3304.8, '2026-04-21T19:55:39.831145+00:00'),
  ('b5bdd0a4-e676-4735-890c-090daf8fc44b', 'b0000006-0001-0001-0001-000000000006', '9eecc46f-ba57-4c6c-bd44-3aab3e49c8a1', '208', 2, 2374.2, '2026-04-21T19:55:39.831145+00:00'),
  ('f2f43a3d-9940-4d0e-a208-14494c949f4d', 'b0000006-0001-0001-0001-000000000006', '9eecc46f-ba57-4c6c-bd44-3aab3e49c8a1', '209', 2, 2374.2, '2026-04-21T19:55:39.831145+00:00'),
  ('95fef803-6740-4cf4-8c92-25a05e28af49', 'b0000006-0001-0001-0001-000000000006', '9eecc46f-ba57-4c6c-bd44-3aab3e49c8a1', '210', 2, 2374.2, '2026-04-21T19:55:39.831145+00:00'),
  ('5a9ffd64-99b6-4f9f-b2ac-58fac51255d9', 'b0000006-0001-0001-0001-000000000006', '9eecc46f-ba57-4c6c-bd44-3aab3e49c8a1', '211', 2, 2374.2, '2026-04-21T19:55:39.831145+00:00'),
  ('164d674c-8947-4d4c-b630-cdde4c934332', 'b0000006-0001-0001-0001-000000000006', '9eecc46f-ba57-4c6c-bd44-3aab3e49c8a1', '212', 2, 2374.2, '2026-04-21T19:55:39.831145+00:00'),
  ('0a0096fb-7a7a-4409-8ec6-1c61ffb444c2', 'b0000006-0001-0001-0001-000000000006', '9eecc46f-ba57-4c6c-bd44-3aab3e49c8a1', '213', 2, 2374.2, '2026-04-21T19:55:39.831145+00:00'),
  ('6c776d41-6c39-4cc5-82a8-5541f26da2f3', 'b0000006-0001-0001-0001-000000000006', '38da6156-b423-4822-be92-532a071a6016', '214', 2, 3304.8, '2026-04-21T19:55:39.831145+00:00'),
  ('0c843d6e-df0d-4b9a-b9ae-f9839ee133fc', 'b0000006-0001-0001-0001-000000000006', '38da6156-b423-4822-be92-532a071a6016', '301', 3, 3304.8, '2026-04-21T19:55:39.831145+00:00'),
  ('5ea660af-9e69-4737-86a4-3e38e530ef19', 'b0000006-0001-0001-0001-000000000006', '87399012-4d11-430e-94c3-b0edfbdc3c00', '302', 3, 2592, '2026-04-21T19:55:39.831145+00:00'),
  ('2e31c615-5382-4701-9d26-de4782a1c64b', 'b0000006-0001-0001-0001-000000000006', '87399012-4d11-430e-94c3-b0edfbdc3c00', '303', 3, 2592, '2026-04-21T19:55:39.831145+00:00'),
  ('3ae04f4d-0421-4c0d-b24a-58cb76dd1ecc', 'b0000006-0001-0001-0001-000000000006', '87399012-4d11-430e-94c3-b0edfbdc3c00', '304', 3, 2592, '2026-04-21T19:55:39.831145+00:00'),
  ('b7786fe6-5137-469f-b1de-373f66f09532', 'b0000006-0001-0001-0001-000000000006', '87399012-4d11-430e-94c3-b0edfbdc3c00', '305', 3, 2592, '2026-04-21T19:55:39.831145+00:00'),
  ('859451d7-8977-4760-88b2-f34e50744267', 'b0000006-0001-0001-0001-000000000006', '38da6156-b423-4822-be92-532a071a6016', '306', 3, 3304.8, '2026-04-21T19:55:39.831145+00:00'),
  ('a61e5452-bccb-46b9-9783-ce6d36e9d273', 'b0000006-0001-0001-0001-000000000006', '38da6156-b423-4822-be92-532a071a6016', '307', 3, 3304.8, '2026-04-21T19:55:40.164093+00:00'),
  ('f432c340-fa3a-46a5-b36c-02374c243373', 'b0000006-0001-0001-0001-000000000006', '9eecc46f-ba57-4c6c-bd44-3aab3e49c8a1', '308', 3, 2374.2, '2026-04-21T19:55:40.164093+00:00'),
  ('fc18afc0-e125-496f-92ad-0de7f5eda6dc', 'b0000006-0001-0001-0001-000000000006', '9eecc46f-ba57-4c6c-bd44-3aab3e49c8a1', '309', 3, 2374.2, '2026-04-21T19:55:40.164093+00:00'),
  ('91fe9f6e-7d9b-41eb-b84c-540870306d0c', 'b0000006-0001-0001-0001-000000000006', '9eecc46f-ba57-4c6c-bd44-3aab3e49c8a1', '310', 3, 2374.2, '2026-04-21T19:55:40.164093+00:00'),
  ('86d70245-d7a8-415e-a1e3-a22f54afaf97', 'b0000006-0001-0001-0001-000000000006', '9eecc46f-ba57-4c6c-bd44-3aab3e49c8a1', '311', 3, 2374.2, '2026-04-21T19:55:40.164093+00:00'),
  ('420aeef4-b1bc-4917-8950-5e9526169922', 'b0000006-0001-0001-0001-000000000006', '9eecc46f-ba57-4c6c-bd44-3aab3e49c8a1', '312', 3, 2374.2, '2026-04-21T19:55:40.164093+00:00'),
  ('fde0a7d1-d9cd-4424-b8fb-bc44003f72e1', 'b0000006-0001-0001-0001-000000000006', '9eecc46f-ba57-4c6c-bd44-3aab3e49c8a1', '313', 3, 2374.2, '2026-04-21T19:55:40.164093+00:00'),
  ('1597b1ff-e9ab-402d-9e13-d6d923e0b3ac', 'b0000006-0001-0001-0001-000000000006', '38da6156-b423-4822-be92-532a071a6016', '314', 3, 3304.8, '2026-04-21T19:55:40.164093+00:00'),
  ('daf5e191-865b-449f-b3d0-a27e2550cb7c', 'b0000006-0001-0001-0001-000000000006', '38da6156-b423-4822-be92-532a071a6016', '401', 4, 3304.8, '2026-04-21T19:55:40.164093+00:00'),
  ('d2b7245a-e97e-43e8-8050-de3178cb0a80', 'b0000006-0001-0001-0001-000000000006', '87399012-4d11-430e-94c3-b0edfbdc3c00', '402', 4, 2592, '2026-04-21T19:55:40.164093+00:00'),
  ('80fb5c5b-7cb9-412c-9151-2c8eccffe850', 'b0000006-0001-0001-0001-000000000006', '87399012-4d11-430e-94c3-b0edfbdc3c00', '403', 4, 2592, '2026-04-21T19:55:40.164093+00:00'),
  ('68b7ef5b-10bc-4631-8468-3724974a181c', 'b0000006-0001-0001-0001-000000000006', '87399012-4d11-430e-94c3-b0edfbdc3c00', '404', 4, 2592, '2026-04-21T19:55:40.164093+00:00'),
  ('43aef85b-c12f-4ce9-9e64-0187cc17e4f5', 'b0000006-0001-0001-0001-000000000006', '87399012-4d11-430e-94c3-b0edfbdc3c00', '405', 4, 2592, '2026-04-21T19:55:40.164093+00:00'),
  ('35fccb10-d2f9-482e-9296-9b49c9e1e28d', 'b0000006-0001-0001-0001-000000000006', '38da6156-b423-4822-be92-532a071a6016', '406', 4, 3304.8, '2026-04-21T19:55:40.164093+00:00'),
  ('737dab64-7fa1-466c-a362-105af33e0f93', 'b0000006-0001-0001-0001-000000000006', '38da6156-b423-4822-be92-532a071a6016', '407', 4, 3304.8, '2026-04-21T19:55:40.164093+00:00'),
  ('8c4befd4-223b-4cfe-b3fc-72e06d22c257', 'b0000006-0001-0001-0001-000000000006', '9eecc46f-ba57-4c6c-bd44-3aab3e49c8a1', '408', 4, 2374.2, '2026-04-21T19:55:40.164093+00:00'),
  ('31328759-f912-4d1c-9cca-a3a6348fafd1', 'b0000006-0001-0001-0001-000000000006', '9eecc46f-ba57-4c6c-bd44-3aab3e49c8a1', '409', 4, 2374.2, '2026-04-21T19:55:40.164093+00:00'),
  ('ed12f33e-46cf-44ca-9281-fe58e658593f', 'b0000006-0001-0001-0001-000000000006', '9eecc46f-ba57-4c6c-bd44-3aab3e49c8a1', '410', 4, 2374.2, '2026-04-21T19:55:40.164093+00:00'),
  ('eaf59ec3-1a57-4f47-b921-587bccbf2837', 'b0000006-0001-0001-0001-000000000006', '9eecc46f-ba57-4c6c-bd44-3aab3e49c8a1', '411', 4, 2374.2, '2026-04-21T19:55:40.164093+00:00'),
  ('8345ad5f-a092-44a9-9301-a624072af551', 'b0000006-0001-0001-0001-000000000006', '9eecc46f-ba57-4c6c-bd44-3aab3e49c8a1', '412', 4, 2374.2, '2026-04-21T19:55:40.164093+00:00'),
  ('149708e4-9a70-4a47-a67b-6b8a36a4d086', 'b0000006-0001-0001-0001-000000000006', '9eecc46f-ba57-4c6c-bd44-3aab3e49c8a1', '413', 4, 2374.2, '2026-04-21T19:55:40.164093+00:00'),
  ('7d0dfdeb-3521-430c-9dc0-457407bda712', 'b0000006-0001-0001-0001-000000000006', '38da6156-b423-4822-be92-532a071a6016', '414', 4, 3304.8, '2026-04-21T19:55:40.164093+00:00'),
  ('84fa5b88-59fd-45e0-92c0-adc6c3ff4e3a', 'b0000006-0001-0001-0001-000000000006', '38da6156-b423-4822-be92-532a071a6016', '501', 5, 3304.8, '2026-04-21T19:55:40.164093+00:00'),
  ('1fb40d18-e431-46ff-9c8c-bf294a16d7af', 'b0000006-0001-0001-0001-000000000006', '87399012-4d11-430e-94c3-b0edfbdc3c00', '502', 5, 2592, '2026-04-21T19:55:40.164093+00:00'),
  ('00dd31aa-8036-43bb-aa7f-811b71b18906', 'b0000006-0001-0001-0001-000000000006', '87399012-4d11-430e-94c3-b0edfbdc3c00', '503', 5, 2592, '2026-04-21T19:55:40.164093+00:00'),
  ('0f42370d-a015-4074-b487-a92cbf0f8079', 'b0000006-0001-0001-0001-000000000006', '87399012-4d11-430e-94c3-b0edfbdc3c00', '504', 5, 2592, '2026-04-21T19:55:40.164093+00:00'),
  ('11d964a6-7bfa-4bfc-972b-fd1814eeca98', 'b0000006-0001-0001-0001-000000000006', '87399012-4d11-430e-94c3-b0edfbdc3c00', '505', 5, 2592, '2026-04-21T19:55:40.164093+00:00'),
  ('f5694a9e-09de-4593-b07a-ece40edafb7d', 'b0000006-0001-0001-0001-000000000006', '38da6156-b423-4822-be92-532a071a6016', '506', 5, 3304.8, '2026-04-21T19:55:40.164093+00:00'),
  ('c6ecac5a-8439-4680-88e2-f4d1daa818cd', 'b0000006-0001-0001-0001-000000000006', '38da6156-b423-4822-be92-532a071a6016', '507', 5, 3304.8, '2026-04-21T19:55:40.164093+00:00'),
  ('df4ebdef-fec8-4029-b622-a9619691e815', 'b0000006-0001-0001-0001-000000000006', '9eecc46f-ba57-4c6c-bd44-3aab3e49c8a1', '508', 5, 2374.2, '2026-04-21T19:55:40.164093+00:00'),
  ('d0b1a728-4b54-481a-9466-da93dee3fe70', 'b0000006-0001-0001-0001-000000000006', '9eecc46f-ba57-4c6c-bd44-3aab3e49c8a1', '509', 5, 2374.2, '2026-04-21T19:55:40.164093+00:00'),
  ('1206f192-a6c2-49c9-8ddc-4a35ba5a1256', 'b0000006-0001-0001-0001-000000000006', '9eecc46f-ba57-4c6c-bd44-3aab3e49c8a1', '510', 5, 2374.2, '2026-04-21T19:55:40.164093+00:00'),
  ('73f0643c-b00c-4bf5-b847-722ce1cfa154', 'b0000006-0001-0001-0001-000000000006', '9eecc46f-ba57-4c6c-bd44-3aab3e49c8a1', '511', 5, 2374.2, '2026-04-21T19:55:40.164093+00:00'),
  ('2e4b3b08-f97e-4bc7-a5b8-da8e4508737c', 'b0000006-0001-0001-0001-000000000006', '9eecc46f-ba57-4c6c-bd44-3aab3e49c8a1', '512', 5, 2374.2, '2026-04-21T19:55:40.164093+00:00'),
  ('24955cf8-ecd7-4d4b-826f-0601eef8f723', 'b0000006-0001-0001-0001-000000000006', '9eecc46f-ba57-4c6c-bd44-3aab3e49c8a1', '513', 5, 2374.2, '2026-04-21T19:55:40.164093+00:00'),
  ('d1ee00ec-c998-4f6a-9c27-7999b1d8579d', 'b0000006-0001-0001-0001-000000000006', '38da6156-b423-4822-be92-532a071a6016', '514', 5, 3304.8, '2026-04-21T19:55:40.164093+00:00'),
  ('d03edd7c-1022-48bb-80d5-32c6d6a14ac1', 'b0000007-0001-0001-0001-000000000007', '38da6156-b423-4822-be92-532a071a6016', '201', 2, 3304.8, '2026-04-21T19:55:40.164093+00:00'),
  ('a4d7515b-27d0-4290-906e-dc029cbaa123', 'b0000007-0001-0001-0001-000000000007', '87399012-4d11-430e-94c3-b0edfbdc3c00', '202', 2, 2592, '2026-04-21T19:55:40.164093+00:00'),
  ('c9ee7752-b999-4c6a-b66a-ad87f42feb08', 'b0000007-0001-0001-0001-000000000007', '87399012-4d11-430e-94c3-b0edfbdc3c00', '203', 2, 2592, '2026-04-21T19:55:40.164093+00:00'),
  ('c8446cd5-c207-440e-994d-0b3c97e5bda6', 'b0000007-0001-0001-0001-000000000007', '87399012-4d11-430e-94c3-b0edfbdc3c00', '204', 2, 2592, '2026-04-21T19:55:40.164093+00:00'),
  ('ac21c907-0e69-4d2d-be96-e09f32d86386', 'b0000007-0001-0001-0001-000000000007', '87399012-4d11-430e-94c3-b0edfbdc3c00', '205', 2, 2592, '2026-04-21T19:55:40.164093+00:00'),
  ('3047f2ae-2769-488f-8d19-1cc3a68dec95', 'b0000007-0001-0001-0001-000000000007', '38da6156-b423-4822-be92-532a071a6016', '206', 2, 3304.8, '2026-04-21T19:55:40.164093+00:00'),
  ('9e5e0c5f-065b-40cf-a528-8c14d1767abd', 'b0000007-0001-0001-0001-000000000007', '38da6156-b423-4822-be92-532a071a6016', '207', 2, 3304.8, '2026-04-21T19:55:40.164093+00:00'),
  ('3e507a15-5d99-43fc-ae80-8f0363ab87a2', 'b0000007-0001-0001-0001-000000000007', '9eecc46f-ba57-4c6c-bd44-3aab3e49c8a1', '208', 2, 2374.2, '2026-04-21T19:55:40.164093+00:00'),
  ('b94d0a89-2d1a-4a25-b71d-678ce54125cd', 'b0000007-0001-0001-0001-000000000007', '9eecc46f-ba57-4c6c-bd44-3aab3e49c8a1', '209', 2, 2374.2, '2026-04-21T19:55:40.164093+00:00'),
  ('68cc6ebe-1a8b-44d2-b457-4509fa281b80', 'b0000007-0001-0001-0001-000000000007', '9eecc46f-ba57-4c6c-bd44-3aab3e49c8a1', '210', 2, 2374.2, '2026-04-21T19:55:40.164093+00:00'),
  ('e51db63b-d2f5-4433-8c15-4e5951e57f5d', 'b0000007-0001-0001-0001-000000000007', '9eecc46f-ba57-4c6c-bd44-3aab3e49c8a1', '211', 2, 2374.2, '2026-04-21T19:55:40.164093+00:00'),
  ('307a4912-cc4b-4107-86fc-bc0b5bef52c3', 'b0000007-0001-0001-0001-000000000007', '9eecc46f-ba57-4c6c-bd44-3aab3e49c8a1', '212', 2, 2374.2, '2026-04-21T19:55:40.164093+00:00'),
  ('c61793df-1414-40e7-97e8-f160e6404f73', 'b0000007-0001-0001-0001-000000000007', '9eecc46f-ba57-4c6c-bd44-3aab3e49c8a1', '213', 2, 2374.2, '2026-04-21T19:55:40.164093+00:00'),
  ('f5dd88ea-5365-4a6b-b59a-ea385fde78a6', 'b0000007-0001-0001-0001-000000000007', '38da6156-b423-4822-be92-532a071a6016', '214', 2, 3304.8, '2026-04-21T19:55:40.164093+00:00'),
  ('79f445a7-94cc-4446-a31d-be6c40a9bf30', 'b0000007-0001-0001-0001-000000000007', '38da6156-b423-4822-be92-532a071a6016', '301', 3, 3304.8, '2026-04-21T19:55:40.732411+00:00'),
  ('05bc79a5-344a-4c79-acd7-ffe90e9284ce', 'b0000007-0001-0001-0001-000000000007', '87399012-4d11-430e-94c3-b0edfbdc3c00', '302', 3, 2592, '2026-04-21T19:55:40.732411+00:00'),
  ('1df7cf83-f30e-4a9a-9211-903f36554838', 'b0000007-0001-0001-0001-000000000007', '87399012-4d11-430e-94c3-b0edfbdc3c00', '303', 3, 2592, '2026-04-21T19:55:40.732411+00:00'),
  ('2cb55e96-d684-4a65-88a2-96d80e94eb8f', 'b0000007-0001-0001-0001-000000000007', '87399012-4d11-430e-94c3-b0edfbdc3c00', '304', 3, 2592, '2026-04-21T19:55:40.732411+00:00'),
  ('ff1f40aa-f70a-4c7b-bd59-297dc293eef8', 'b0000007-0001-0001-0001-000000000007', '87399012-4d11-430e-94c3-b0edfbdc3c00', '305', 3, 2592, '2026-04-21T19:55:40.732411+00:00'),
  ('e6116a31-64fb-404b-bfa0-fe61dd43c097', 'b0000007-0001-0001-0001-000000000007', '38da6156-b423-4822-be92-532a071a6016', '306', 3, 3304.8, '2026-04-21T19:55:40.732411+00:00'),
  ('9cc4ea12-ba6b-43a4-b18b-3e4529915682', 'b0000007-0001-0001-0001-000000000007', '38da6156-b423-4822-be92-532a071a6016', '307', 3, 3304.8, '2026-04-21T19:55:40.732411+00:00'),
  ('7860b7d0-19b9-42d7-a3b9-fe210d795f88', 'b0000007-0001-0001-0001-000000000007', '9eecc46f-ba57-4c6c-bd44-3aab3e49c8a1', '308', 3, 2374.2, '2026-04-21T19:55:40.732411+00:00'),
  ('298ff434-33f4-4c6e-a9de-44a7d323bf4e', 'b0000007-0001-0001-0001-000000000007', '9eecc46f-ba57-4c6c-bd44-3aab3e49c8a1', '309', 3, 2374.2, '2026-04-21T19:55:40.732411+00:00'),
  ('f80cbdf1-4d53-490d-904c-7c884ab5c8c5', 'b0000007-0001-0001-0001-000000000007', '9eecc46f-ba57-4c6c-bd44-3aab3e49c8a1', '310', 3, 2374.2, '2026-04-21T19:55:40.732411+00:00'),
  ('2facf438-5009-4ad7-80e9-a970c73a0463', 'b0000007-0001-0001-0001-000000000007', '9eecc46f-ba57-4c6c-bd44-3aab3e49c8a1', '311', 3, 2374.2, '2026-04-21T19:55:40.732411+00:00'),
  ('6f8b4a08-d222-46fd-873c-8805f2dd093b', 'b0000007-0001-0001-0001-000000000007', '9eecc46f-ba57-4c6c-bd44-3aab3e49c8a1', '312', 3, 2374.2, '2026-04-21T19:55:40.732411+00:00'),
  ('6a8d62bf-a956-4d9d-9d4e-202636615b33', 'b0000007-0001-0001-0001-000000000007', '9eecc46f-ba57-4c6c-bd44-3aab3e49c8a1', '313', 3, 2374.2, '2026-04-21T19:55:40.732411+00:00'),
  ('ede92e16-0720-43df-8a94-4bfee5f0ca06', 'b0000007-0001-0001-0001-000000000007', '38da6156-b423-4822-be92-532a071a6016', '314', 3, 3304.8, '2026-04-21T19:55:40.732411+00:00'),
  ('5b940740-7692-4199-9e52-43a64100a4ce', 'b0000007-0001-0001-0001-000000000007', '38da6156-b423-4822-be92-532a071a6016', '401', 4, 3304.8, '2026-04-21T19:55:40.732411+00:00'),
  ('844ee305-26d4-43d6-8977-521f9d176f1c', 'b0000007-0001-0001-0001-000000000007', '87399012-4d11-430e-94c3-b0edfbdc3c00', '402', 4, 2592, '2026-04-21T19:55:40.732411+00:00'),
  ('99b79726-b1bc-471f-8bcb-a4785635b81d', 'b0000007-0001-0001-0001-000000000007', '87399012-4d11-430e-94c3-b0edfbdc3c00', '403', 4, 2592, '2026-04-21T19:55:40.732411+00:00'),
  ('660c338e-e476-40d6-8b4c-b8db8bdf188f', 'b0000007-0001-0001-0001-000000000007', '87399012-4d11-430e-94c3-b0edfbdc3c00', '404', 4, 2592, '2026-04-21T19:55:40.732411+00:00'),
  ('da6e7a47-4a48-4d02-b04e-b08b027e7098', 'b0000007-0001-0001-0001-000000000007', '87399012-4d11-430e-94c3-b0edfbdc3c00', '405', 4, 2592, '2026-04-21T19:55:40.732411+00:00'),
  ('bb7ded09-8d74-4e48-bf5a-a2f842e53579', 'b0000007-0001-0001-0001-000000000007', '38da6156-b423-4822-be92-532a071a6016', '406', 4, 3304.8, '2026-04-21T19:55:40.732411+00:00'),
  ('0deed4bc-c159-4a0d-9577-16e18745713d', 'b0000007-0001-0001-0001-000000000007', '38da6156-b423-4822-be92-532a071a6016', '407', 4, 3304.8, '2026-04-21T19:55:40.732411+00:00'),
  ('7494f5a7-3859-4631-a3ec-bcc1fb572cfa', 'b0000007-0001-0001-0001-000000000007', '9eecc46f-ba57-4c6c-bd44-3aab3e49c8a1', '408', 4, 2374.2, '2026-04-21T19:55:40.732411+00:00'),
  ('9acacd18-fb84-4944-a4c5-f59a4094a658', 'b0000007-0001-0001-0001-000000000007', '9eecc46f-ba57-4c6c-bd44-3aab3e49c8a1', '409', 4, 2374.2, '2026-04-21T19:55:40.732411+00:00'),
  ('baa1b427-aa41-44db-b6dd-eec0122c8bd4', 'b0000007-0001-0001-0001-000000000007', '9eecc46f-ba57-4c6c-bd44-3aab3e49c8a1', '410', 4, 2374.2, '2026-04-21T19:55:40.732411+00:00'),
  ('9deba00f-1943-4fa1-ac5f-f7b4363e6e92', 'b0000007-0001-0001-0001-000000000007', '9eecc46f-ba57-4c6c-bd44-3aab3e49c8a1', '411', 4, 2374.2, '2026-04-21T19:55:40.732411+00:00'),
  ('0a463b83-ceb5-4608-8255-8a1b11bfb608', 'b0000007-0001-0001-0001-000000000007', '9eecc46f-ba57-4c6c-bd44-3aab3e49c8a1', '412', 4, 2374.2, '2026-04-21T19:55:40.732411+00:00'),
  ('f151bcab-03f6-4136-96ee-11ac9550737a', 'b0000007-0001-0001-0001-000000000007', '9eecc46f-ba57-4c6c-bd44-3aab3e49c8a1', '413', 4, 2374.2, '2026-04-21T19:55:40.732411+00:00'),
  ('157d26c4-c8ab-404e-8884-cb75cd989bb7', 'b0000007-0001-0001-0001-000000000007', '38da6156-b423-4822-be92-532a071a6016', '414', 4, 3304.8, '2026-04-21T19:55:40.732411+00:00'),
  ('53ce302a-5df3-4979-995f-9c5c37eb88c4', 'b0000007-0001-0001-0001-000000000007', '38da6156-b423-4822-be92-532a071a6016', '501', 5, 3304.8, '2026-04-21T19:55:40.732411+00:00'),
  ('84461e61-c370-4740-b6c4-3e07ba52ce05', 'b0000007-0001-0001-0001-000000000007', '87399012-4d11-430e-94c3-b0edfbdc3c00', '502', 5, 2592, '2026-04-21T19:55:40.732411+00:00'),
  ('2c913152-ce54-4e9f-9bc1-1ebc77aad7f2', 'b0000007-0001-0001-0001-000000000007', '87399012-4d11-430e-94c3-b0edfbdc3c00', '503', 5, 2592, '2026-04-21T19:55:40.732411+00:00'),
  ('2b264311-ed91-47bf-aa01-33cfea140114', 'b0000007-0001-0001-0001-000000000007', '87399012-4d11-430e-94c3-b0edfbdc3c00', '504', 5, 2592, '2026-04-21T19:55:40.732411+00:00'),
  ('8f8cca41-b76d-43ef-9de4-a00b41a03572', 'b0000007-0001-0001-0001-000000000007', '87399012-4d11-430e-94c3-b0edfbdc3c00', '505', 5, 2592, '2026-04-21T19:55:40.732411+00:00'),
  ('be1db4de-bd8f-40df-9897-6dfbfb4e1e98', 'b0000007-0001-0001-0001-000000000007', '38da6156-b423-4822-be92-532a071a6016', '506', 5, 3304.8, '2026-04-21T19:55:40.732411+00:00'),
  ('6aaa096a-f20f-48ca-b328-32e351f1c2df', 'b0000007-0001-0001-0001-000000000007', '38da6156-b423-4822-be92-532a071a6016', '507', 5, 3304.8, '2026-04-21T19:55:40.732411+00:00'),
  ('022f61be-163e-46eb-9bcc-8c1b2f8c8ce0', 'b0000007-0001-0001-0001-000000000007', '9eecc46f-ba57-4c6c-bd44-3aab3e49c8a1', '508', 5, 2374.2, '2026-04-21T19:55:40.732411+00:00'),
  ('604b6ee1-5c7a-4dc1-9043-ae18e363acd6', 'b0000007-0001-0001-0001-000000000007', '9eecc46f-ba57-4c6c-bd44-3aab3e49c8a1', '509', 5, 2374.2, '2026-04-21T19:55:40.732411+00:00'),
  ('1268d530-9ec5-4737-8c9e-65c5201598fd', 'b0000007-0001-0001-0001-000000000007', '9eecc46f-ba57-4c6c-bd44-3aab3e49c8a1', '510', 5, 2374.2, '2026-04-21T19:55:40.732411+00:00'),
  ('b2da51e7-7ce5-47f2-ac5f-0b96278a0a9d', 'b0000007-0001-0001-0001-000000000007', '9eecc46f-ba57-4c6c-bd44-3aab3e49c8a1', '511', 5, 2374.2, '2026-04-21T19:55:40.732411+00:00'),
  ('46f1a73e-9914-4c77-bee3-9979975c9b3e', 'b0000007-0001-0001-0001-000000000007', '9eecc46f-ba57-4c6c-bd44-3aab3e49c8a1', '512', 5, 2374.2, '2026-04-21T19:55:40.732411+00:00'),
  ('6b06e312-87d5-4db2-9569-97e221d3c652', 'b0000007-0001-0001-0001-000000000007', '9eecc46f-ba57-4c6c-bd44-3aab3e49c8a1', '513', 5, 2374.2, '2026-04-21T19:55:40.732411+00:00'),
  ('660ee96c-ff6c-4801-95bb-436731dff184', 'b0000007-0001-0001-0001-000000000007', '38da6156-b423-4822-be92-532a071a6016', '514', 5, 3304.8, '2026-04-21T19:55:40.732411+00:00'),
  ('a30ec95b-37d7-40e0-a6fb-033dec941339', 'b0000008-0001-0001-0001-000000000008', '38da6156-b423-4822-be92-532a071a6016', '201', 2, 3304.8, '2026-04-21T19:55:40.732411+00:00'),
  ('dfe16df4-2e98-4685-be48-92579d4fa8cc', 'b0000008-0001-0001-0001-000000000008', '87399012-4d11-430e-94c3-b0edfbdc3c00', '202', 2, 2592, '2026-04-21T19:55:40.732411+00:00'),
  ('8b58aec0-6f32-4aaa-9618-12fe34b7be95', 'b0000008-0001-0001-0001-000000000008', '87399012-4d11-430e-94c3-b0edfbdc3c00', '203', 2, 2592, '2026-04-21T19:55:40.732411+00:00'),
  ('0cb10c98-f66e-46b1-8150-91f563b812d5', 'b0000008-0001-0001-0001-000000000008', '87399012-4d11-430e-94c3-b0edfbdc3c00', '204', 2, 2592, '2026-04-21T19:55:40.732411+00:00'),
  ('29ee0a86-a08c-4239-aad8-62091eaa5ce1', 'b0000008-0001-0001-0001-000000000008', '87399012-4d11-430e-94c3-b0edfbdc3c00', '205', 2, 2592, '2026-04-21T19:55:40.732411+00:00'),
  ('06ebffd8-0341-41d1-a80a-2e0aa793e29d', 'b0000008-0001-0001-0001-000000000008', '38da6156-b423-4822-be92-532a071a6016', '206', 2, 3304.8, '2026-04-21T19:55:40.732411+00:00'),
  ('09bc9d44-cd10-440a-9e3e-9d843e3f9bc1', 'b0000008-0001-0001-0001-000000000008', '38da6156-b423-4822-be92-532a071a6016', '207', 2, 3304.8, '2026-04-21T19:55:40.732411+00:00'),
  ('ca74e2fa-a9bd-4fe6-beda-23e3202e3211', 'b0000008-0001-0001-0001-000000000008', '9eecc46f-ba57-4c6c-bd44-3aab3e49c8a1', '208', 2, 2374.2, '2026-04-21T19:55:40.732411+00:00'),
  ('3c85272e-b81a-462a-8dc8-bb7b91a31ffb', 'b0000008-0001-0001-0001-000000000008', '9eecc46f-ba57-4c6c-bd44-3aab3e49c8a1', '209', 2, 2374.2, '2026-04-21T19:55:41.053026+00:00'),
  ('1365721a-ca46-4eca-8cf5-f05c0f9e2b89', 'b0000008-0001-0001-0001-000000000008', '9eecc46f-ba57-4c6c-bd44-3aab3e49c8a1', '210', 2, 2374.2, '2026-04-21T19:55:41.053026+00:00'),
  ('660a40eb-be35-41b0-be2a-ec96f6c49df6', 'b0000008-0001-0001-0001-000000000008', '9eecc46f-ba57-4c6c-bd44-3aab3e49c8a1', '211', 2, 2374.2, '2026-04-21T19:55:41.053026+00:00'),
  ('ccdcb3b0-3315-4a04-a7bb-dcb1e9633093', 'b0000008-0001-0001-0001-000000000008', '9eecc46f-ba57-4c6c-bd44-3aab3e49c8a1', '212', 2, 2374.2, '2026-04-21T19:55:41.053026+00:00'),
  ('38b8e0f1-4112-484f-b3fc-0083fc718b48', 'b0000008-0001-0001-0001-000000000008', '9eecc46f-ba57-4c6c-bd44-3aab3e49c8a1', '213', 2, 2374.2, '2026-04-21T19:55:41.053026+00:00'),
  ('e1ae0c1a-023b-411a-8b8b-079991dd11f0', 'b0000008-0001-0001-0001-000000000008', '38da6156-b423-4822-be92-532a071a6016', '214', 2, 3304.8, '2026-04-21T19:55:41.053026+00:00'),
  ('39cc805a-7133-487b-bba7-88ce8d05a253', 'b0000008-0001-0001-0001-000000000008', '38da6156-b423-4822-be92-532a071a6016', '301', 3, 3304.8, '2026-04-21T19:55:41.053026+00:00'),
  ('2e7470fc-f3af-4072-b40d-6d5be75fa609', 'b0000008-0001-0001-0001-000000000008', '87399012-4d11-430e-94c3-b0edfbdc3c00', '302', 3, 2592, '2026-04-21T19:55:41.053026+00:00'),
  ('648af1bd-2520-4520-b1c4-548623dc8177', 'b0000008-0001-0001-0001-000000000008', '87399012-4d11-430e-94c3-b0edfbdc3c00', '303', 3, 2592, '2026-04-21T19:55:41.053026+00:00'),
  ('45aa1fdf-ce31-4b3e-8df3-b56489eb8b0e', 'b0000008-0001-0001-0001-000000000008', '87399012-4d11-430e-94c3-b0edfbdc3c00', '304', 3, 2592, '2026-04-21T19:55:41.053026+00:00'),
  ('cced088a-b55e-4ddd-a1f0-45c7ed46fe7d', 'b0000008-0001-0001-0001-000000000008', '87399012-4d11-430e-94c3-b0edfbdc3c00', '305', 3, 2592, '2026-04-21T19:55:41.053026+00:00'),
  ('a645ecdb-699e-4cc8-bbca-5556f0704d47', 'b0000008-0001-0001-0001-000000000008', '38da6156-b423-4822-be92-532a071a6016', '306', 3, 3304.8, '2026-04-21T19:55:41.053026+00:00'),
  ('b33923e1-1df2-452d-bdc3-96b157cb5a1a', 'b0000008-0001-0001-0001-000000000008', '38da6156-b423-4822-be92-532a071a6016', '307', 3, 3304.8, '2026-04-21T19:55:41.053026+00:00'),
  ('1afb9f94-6617-45f5-8e06-7400c500371a', 'b0000008-0001-0001-0001-000000000008', '9eecc46f-ba57-4c6c-bd44-3aab3e49c8a1', '308', 3, 2374.2, '2026-04-21T19:55:41.053026+00:00'),
  ('b42e8ea2-8d1a-4b97-8cb6-9e75562f92fb', 'b0000008-0001-0001-0001-000000000008', '9eecc46f-ba57-4c6c-bd44-3aab3e49c8a1', '309', 3, 2374.2, '2026-04-21T19:55:41.053026+00:00'),
  ('975b94ff-abee-43d3-968a-e78c263699cb', 'b0000008-0001-0001-0001-000000000008', '9eecc46f-ba57-4c6c-bd44-3aab3e49c8a1', '310', 3, 2374.2, '2026-04-21T19:55:41.053026+00:00'),
  ('73f6c389-41dd-4426-931b-dd8b71d276b8', 'b0000008-0001-0001-0001-000000000008', '9eecc46f-ba57-4c6c-bd44-3aab3e49c8a1', '311', 3, 2374.2, '2026-04-21T19:55:41.053026+00:00'),
  ('35cf1356-bec1-4ea5-b138-954d42ff537b', 'b0000008-0001-0001-0001-000000000008', '9eecc46f-ba57-4c6c-bd44-3aab3e49c8a1', '312', 3, 2374.2, '2026-04-21T19:55:41.053026+00:00'),
  ('3eb364a0-5514-40b9-a2a3-7f1893bf3923', 'b0000008-0001-0001-0001-000000000008', '9eecc46f-ba57-4c6c-bd44-3aab3e49c8a1', '313', 3, 2374.2, '2026-04-21T19:55:41.053026+00:00'),
  ('ece2334b-6f4d-4557-b8c3-1f45541bb0c5', 'b0000008-0001-0001-0001-000000000008', '38da6156-b423-4822-be92-532a071a6016', '314', 3, 3304.8, '2026-04-21T19:55:41.053026+00:00'),
  ('d1c1c01e-9172-421a-be84-a682e5653398', 'b0000008-0001-0001-0001-000000000008', '38da6156-b423-4822-be92-532a071a6016', '401', 4, 3304.8, '2026-04-21T19:55:41.053026+00:00'),
  ('165da20d-b343-4ec1-a80c-2e933220815b', 'b0000008-0001-0001-0001-000000000008', '87399012-4d11-430e-94c3-b0edfbdc3c00', '402', 4, 2592, '2026-04-21T19:55:41.053026+00:00'),
  ('1cb62eb5-8f2a-45de-8371-b68c1dd23019', 'b0000008-0001-0001-0001-000000000008', '87399012-4d11-430e-94c3-b0edfbdc3c00', '403', 4, 2592, '2026-04-21T19:55:41.053026+00:00'),
  ('255198d9-83b3-4b6b-b9b4-af40166f7589', 'b0000008-0001-0001-0001-000000000008', '87399012-4d11-430e-94c3-b0edfbdc3c00', '404', 4, 2592, '2026-04-21T19:55:41.053026+00:00'),
  ('ce6c5c93-c9a7-4ad4-a416-60ba3faf5dd9', 'b0000008-0001-0001-0001-000000000008', '87399012-4d11-430e-94c3-b0edfbdc3c00', '405', 4, 2592, '2026-04-21T19:55:41.053026+00:00'),
  ('b414f1d5-32ce-4ab4-ba45-54304858cc6e', 'b0000008-0001-0001-0001-000000000008', '38da6156-b423-4822-be92-532a071a6016', '406', 4, 3304.8, '2026-04-21T19:55:41.053026+00:00'),
  ('4be9c4db-09a1-45c0-b1b9-8d568e8fe734', 'b0000008-0001-0001-0001-000000000008', '38da6156-b423-4822-be92-532a071a6016', '407', 4, 3304.8, '2026-04-21T19:55:41.053026+00:00'),
  ('69ea948a-b29d-4cb2-bd06-80e4ca0449bc', 'b0000008-0001-0001-0001-000000000008', '9eecc46f-ba57-4c6c-bd44-3aab3e49c8a1', '408', 4, 2374.2, '2026-04-21T19:55:41.053026+00:00'),
  ('692e9c52-3971-4a2a-bff2-0e4bbf784c47', 'b0000008-0001-0001-0001-000000000008', '9eecc46f-ba57-4c6c-bd44-3aab3e49c8a1', '409', 4, 2374.2, '2026-04-21T19:55:41.053026+00:00'),
  ('599ffd56-2a6b-430a-a50f-1127ae395ce8', 'b0000008-0001-0001-0001-000000000008', '9eecc46f-ba57-4c6c-bd44-3aab3e49c8a1', '410', 4, 2374.2, '2026-04-21T19:55:41.053026+00:00'),
  ('50c17d6e-b42f-45ef-8bfa-5e18489664ac', 'b0000008-0001-0001-0001-000000000008', '9eecc46f-ba57-4c6c-bd44-3aab3e49c8a1', '411', 4, 2374.2, '2026-04-21T19:55:41.053026+00:00'),
  ('52bf93a2-4c01-466a-8db5-2292554bbb46', 'b0000008-0001-0001-0001-000000000008', '9eecc46f-ba57-4c6c-bd44-3aab3e49c8a1', '412', 4, 2374.2, '2026-04-21T19:55:41.053026+00:00'),
  ('0a259448-99be-4f47-92af-170b514fb581', 'b0000008-0001-0001-0001-000000000008', '9eecc46f-ba57-4c6c-bd44-3aab3e49c8a1', '413', 4, 2374.2, '2026-04-21T19:55:41.053026+00:00'),
  ('dff4b67d-6c6f-4bcf-ae72-708a57cb0c7d', 'b0000008-0001-0001-0001-000000000008', '38da6156-b423-4822-be92-532a071a6016', '414', 4, 3304.8, '2026-04-21T19:55:41.053026+00:00'),
  ('8c7f7c7d-8cfd-4244-a4ab-56c14f3e7fd9', 'b0000008-0001-0001-0001-000000000008', '38da6156-b423-4822-be92-532a071a6016', '501', 5, 3304.8, '2026-04-21T19:55:41.053026+00:00'),
  ('e7f7f7a4-d0d7-4748-9463-fd3987f38d14', 'b0000008-0001-0001-0001-000000000008', '87399012-4d11-430e-94c3-b0edfbdc3c00', '502', 5, 2592, '2026-04-21T19:55:41.053026+00:00'),
  ('049cd957-1801-4f8e-a480-d5bcf5b68817', 'b0000008-0001-0001-0001-000000000008', '87399012-4d11-430e-94c3-b0edfbdc3c00', '503', 5, 2592, '2026-04-21T19:55:41.053026+00:00'),
  ('c6681762-80a4-465c-8de0-daf63a9c5c76', 'b0000008-0001-0001-0001-000000000008', '87399012-4d11-430e-94c3-b0edfbdc3c00', '504', 5, 2592, '2026-04-21T19:55:41.053026+00:00'),
  ('9fd22d38-0dbc-43c2-b4b1-272ee816b85b', 'b0000008-0001-0001-0001-000000000008', '87399012-4d11-430e-94c3-b0edfbdc3c00', '505', 5, 2592, '2026-04-21T19:55:41.053026+00:00'),
  ('1f5579a4-c17c-4f4d-8856-5d1013d0e630', 'b0000008-0001-0001-0001-000000000008', '38da6156-b423-4822-be92-532a071a6016', '506', 5, 3304.8, '2026-04-21T19:55:41.053026+00:00'),
  ('a589a268-ed87-4ee4-81b7-99d59a36fedf', 'b0000008-0001-0001-0001-000000000008', '38da6156-b423-4822-be92-532a071a6016', '507', 5, 3304.8, '2026-04-21T19:55:41.053026+00:00'),
  ('362cd81c-17c5-4d99-b0a7-10d00c20ebc4', 'b0000008-0001-0001-0001-000000000008', '9eecc46f-ba57-4c6c-bd44-3aab3e49c8a1', '508', 5, 2374.2, '2026-04-21T19:55:41.053026+00:00'),
  ('91e3b042-9f2e-4934-a830-b2cb358d5636', 'b0000008-0001-0001-0001-000000000008', '9eecc46f-ba57-4c6c-bd44-3aab3e49c8a1', '509', 5, 2374.2, '2026-04-21T19:55:41.053026+00:00'),
  ('9b272c9d-abb7-43fd-bd8f-400d91e8da71', 'b0000008-0001-0001-0001-000000000008', '9eecc46f-ba57-4c6c-bd44-3aab3e49c8a1', '510', 5, 2374.2, '2026-04-21T19:55:41.053026+00:00'),
  ('270c92ec-7e78-4d4d-88c0-ead81d30d8f2', 'b0000008-0001-0001-0001-000000000008', '9eecc46f-ba57-4c6c-bd44-3aab3e49c8a1', '511', 5, 2374.2, '2026-04-21T19:55:41.053026+00:00'),
  ('3b9b3890-7687-46e0-9bdd-7f5da00c67e8', 'b0000008-0001-0001-0001-000000000008', '9eecc46f-ba57-4c6c-bd44-3aab3e49c8a1', '512', 5, 2374.2, '2026-04-21T19:55:41.053026+00:00'),
  ('19cd4bb5-f2c2-46b7-aba4-6900bc3a18bf', 'b0000008-0001-0001-0001-000000000008', '9eecc46f-ba57-4c6c-bd44-3aab3e49c8a1', '513', 5, 2374.2, '2026-04-21T19:55:41.053026+00:00'),
  ('17d626d1-4719-4f45-9657-2e75be0298f9', 'b0000008-0001-0001-0001-000000000008', '38da6156-b423-4822-be92-532a071a6016', '514', 5, 3304.8, '2026-04-21T19:55:41.053026+00:00'),
  ('4ab7986b-ff5e-494a-85de-18a5b1d20bb9', 'b0000009-0001-0001-0001-000000000009', '38da6156-b423-4822-be92-532a071a6016', '201', 2, 3304.8, '2026-04-21T19:55:41.053026+00:00'),
  ('f6e8ebaf-4fe7-4e34-9cf5-32d95a8622af', 'b0000009-0001-0001-0001-000000000009', '87399012-4d11-430e-94c3-b0edfbdc3c00', '202', 2, 2592, '2026-04-21T19:55:41.053026+00:00'),
  ('c938ecd2-a458-4c4a-a404-4baaf18357e9', 'b0000009-0001-0001-0001-000000000009', '87399012-4d11-430e-94c3-b0edfbdc3c00', '203', 2, 2592, '2026-04-21T19:55:41.380943+00:00'),
  ('6f9b1e84-4b9f-4113-b384-378069f7eb76', 'b0000009-0001-0001-0001-000000000009', '87399012-4d11-430e-94c3-b0edfbdc3c00', '204', 2, 2592, '2026-04-21T19:55:41.380943+00:00'),
  ('66d6e15b-66f2-4a10-8c01-fd5fe27871cb', 'b0000009-0001-0001-0001-000000000009', '87399012-4d11-430e-94c3-b0edfbdc3c00', '205', 2, 2592, '2026-04-21T19:55:41.380943+00:00'),
  ('361ddac2-2870-408a-ab7b-16e04cc1c447', 'b0000009-0001-0001-0001-000000000009', '38da6156-b423-4822-be92-532a071a6016', '206', 2, 3304.8, '2026-04-21T19:55:41.380943+00:00'),
  ('72ca59f5-fe66-49cd-9b09-eac42793143c', 'b0000009-0001-0001-0001-000000000009', '38da6156-b423-4822-be92-532a071a6016', '207', 2, 3304.8, '2026-04-21T19:55:41.380943+00:00'),
  ('1533fcb2-0d7c-49e8-af5e-c969618ff52b', 'b0000009-0001-0001-0001-000000000009', '9eecc46f-ba57-4c6c-bd44-3aab3e49c8a1', '208', 2, 2374.2, '2026-04-21T19:55:41.380943+00:00'),
  ('c19b678e-ef3e-434a-a116-dc8a5bf63bd3', 'b0000009-0001-0001-0001-000000000009', '9eecc46f-ba57-4c6c-bd44-3aab3e49c8a1', '209', 2, 2374.2, '2026-04-21T19:55:41.380943+00:00'),
  ('aa2df105-e9cb-49e4-a621-12f7542e1d91', 'b0000009-0001-0001-0001-000000000009', '9eecc46f-ba57-4c6c-bd44-3aab3e49c8a1', '210', 2, 2374.2, '2026-04-21T19:55:41.380943+00:00'),
  ('89a5afb5-1fe9-4953-8308-e10cda77344a', 'b0000009-0001-0001-0001-000000000009', '9eecc46f-ba57-4c6c-bd44-3aab3e49c8a1', '211', 2, 2374.2, '2026-04-21T19:55:41.380943+00:00'),
  ('6c025636-939e-427e-abbc-f0c974dc3e01', 'b0000009-0001-0001-0001-000000000009', '9eecc46f-ba57-4c6c-bd44-3aab3e49c8a1', '212', 2, 2374.2, '2026-04-21T19:55:41.380943+00:00'),
  ('69563c73-0b7e-4556-be16-d018bba01a42', 'b0000009-0001-0001-0001-000000000009', '9eecc46f-ba57-4c6c-bd44-3aab3e49c8a1', '213', 2, 2374.2, '2026-04-21T19:55:41.380943+00:00'),
  ('98ea8041-d474-4bb9-886c-ab439f0fa89d', 'b0000009-0001-0001-0001-000000000009', '38da6156-b423-4822-be92-532a071a6016', '214', 2, 3304.8, '2026-04-21T19:55:41.380943+00:00'),
  ('238d9c5f-0665-4178-8bd7-dc43a7b5142d', 'b0000009-0001-0001-0001-000000000009', '38da6156-b423-4822-be92-532a071a6016', '301', 3, 3304.8, '2026-04-21T19:55:41.380943+00:00'),
  ('1a1c955b-a4bc-4109-8c05-b1a5bfdd8981', 'b0000009-0001-0001-0001-000000000009', '87399012-4d11-430e-94c3-b0edfbdc3c00', '302', 3, 2592, '2026-04-21T19:55:41.380943+00:00'),
  ('c18eeecc-2670-45f3-857f-9c22bca0ece9', 'b0000009-0001-0001-0001-000000000009', '87399012-4d11-430e-94c3-b0edfbdc3c00', '303', 3, 2592, '2026-04-21T19:55:41.380943+00:00'),
  ('afbef51a-8058-4a73-92a0-5bc45071570c', 'b0000009-0001-0001-0001-000000000009', '87399012-4d11-430e-94c3-b0edfbdc3c00', '304', 3, 2592, '2026-04-21T19:55:41.380943+00:00'),
  ('0c838d5c-335a-4562-a0db-882f43739e0d', 'b0000009-0001-0001-0001-000000000009', '87399012-4d11-430e-94c3-b0edfbdc3c00', '305', 3, 2592, '2026-04-21T19:55:41.380943+00:00'),
  ('8446fca2-9948-4083-9a51-020a4a025e5c', 'b0000009-0001-0001-0001-000000000009', '38da6156-b423-4822-be92-532a071a6016', '306', 3, 3304.8, '2026-04-21T19:55:41.380943+00:00'),
  ('813b3865-3b87-42e9-9dfd-beb38b33d0ab', 'b0000009-0001-0001-0001-000000000009', '38da6156-b423-4822-be92-532a071a6016', '307', 3, 3304.8, '2026-04-21T19:55:41.380943+00:00'),
  ('71f3245e-e2eb-4498-8229-b5dcbb42fcfd', 'b0000009-0001-0001-0001-000000000009', '9eecc46f-ba57-4c6c-bd44-3aab3e49c8a1', '308', 3, 2374.2, '2026-04-21T19:55:41.380943+00:00'),
  ('aef27c97-b962-4165-a17d-dcfcc6cb4ebd', 'b0000009-0001-0001-0001-000000000009', '9eecc46f-ba57-4c6c-bd44-3aab3e49c8a1', '309', 3, 2374.2, '2026-04-21T19:55:41.380943+00:00'),
  ('3cd7be60-f053-45b6-b944-685f5d6d759d', 'b0000009-0001-0001-0001-000000000009', '9eecc46f-ba57-4c6c-bd44-3aab3e49c8a1', '310', 3, 2374.2, '2026-04-21T19:55:41.380943+00:00'),
  ('1d4f3c1f-fd7d-45bf-a6dd-2f0170dca7c9', 'b0000009-0001-0001-0001-000000000009', '9eecc46f-ba57-4c6c-bd44-3aab3e49c8a1', '311', 3, 2374.2, '2026-04-21T19:55:41.380943+00:00'),
  ('0402ffa9-0ebf-41be-bf6d-6831faa7fc4d', 'b0000009-0001-0001-0001-000000000009', '9eecc46f-ba57-4c6c-bd44-3aab3e49c8a1', '312', 3, 2374.2, '2026-04-21T19:55:41.380943+00:00'),
  ('57b5c6ab-6883-4112-91a9-b37914d1769f', 'b0000009-0001-0001-0001-000000000009', '9eecc46f-ba57-4c6c-bd44-3aab3e49c8a1', '313', 3, 2374.2, '2026-04-21T19:55:41.380943+00:00'),
  ('280c5abc-5a13-492a-b911-b19a1ceab2c7', 'b0000009-0001-0001-0001-000000000009', '38da6156-b423-4822-be92-532a071a6016', '314', 3, 3304.8, '2026-04-21T19:55:41.380943+00:00'),
  ('00c22847-cdbf-4cf5-8f5d-6c289068ff14', 'b0000009-0001-0001-0001-000000000009', '38da6156-b423-4822-be92-532a071a6016', '401', 4, 3304.8, '2026-04-21T19:55:41.380943+00:00'),
  ('380ff0fa-fe07-4222-b227-fa7913ba3bfa', 'b0000009-0001-0001-0001-000000000009', '87399012-4d11-430e-94c3-b0edfbdc3c00', '402', 4, 2592, '2026-04-21T19:55:41.380943+00:00'),
  ('c57e389c-518f-4185-958c-eedec2217eda', 'b0000009-0001-0001-0001-000000000009', '87399012-4d11-430e-94c3-b0edfbdc3c00', '403', 4, 2592, '2026-04-21T19:55:41.380943+00:00'),
  ('7b8803da-a402-4c38-98e7-de4fb01d7115', 'b0000009-0001-0001-0001-000000000009', '87399012-4d11-430e-94c3-b0edfbdc3c00', '404', 4, 2592, '2026-04-21T19:55:41.380943+00:00'),
  ('23379647-7a76-4b45-a07b-c0f1fba987e2', 'b0000009-0001-0001-0001-000000000009', '87399012-4d11-430e-94c3-b0edfbdc3c00', '405', 4, 2592, '2026-04-21T19:55:41.380943+00:00'),
  ('45041e21-2dc2-449f-bd09-4260bc6f71ba', 'b0000009-0001-0001-0001-000000000009', '38da6156-b423-4822-be92-532a071a6016', '406', 4, 3304.8, '2026-04-21T19:55:41.380943+00:00'),
  ('0297a964-9fc6-4d50-9762-b4970336281a', 'b0000009-0001-0001-0001-000000000009', '38da6156-b423-4822-be92-532a071a6016', '407', 4, 3304.8, '2026-04-21T19:55:41.380943+00:00'),
  ('1d05acb0-f364-4a3f-86e8-8961705cee50', 'b0000009-0001-0001-0001-000000000009', '9eecc46f-ba57-4c6c-bd44-3aab3e49c8a1', '408', 4, 2374.2, '2026-04-21T19:55:41.380943+00:00'),
  ('0c8b7443-e7c1-4003-a324-e5bbc0b5d8f7', 'b0000009-0001-0001-0001-000000000009', '9eecc46f-ba57-4c6c-bd44-3aab3e49c8a1', '409', 4, 2374.2, '2026-04-21T19:55:41.380943+00:00'),
  ('a4b07989-286d-4481-a280-fd68258a8aa0', 'b0000009-0001-0001-0001-000000000009', '9eecc46f-ba57-4c6c-bd44-3aab3e49c8a1', '410', 4, 2374.2, '2026-04-21T19:55:41.380943+00:00'),
  ('2d901aad-7e2a-4fae-b86c-804e4fc07d70', 'b0000009-0001-0001-0001-000000000009', '9eecc46f-ba57-4c6c-bd44-3aab3e49c8a1', '411', 4, 2374.2, '2026-04-21T19:55:41.380943+00:00'),
  ('378ec8ab-1da1-40a0-9ca0-c9e8d6db1b7a', 'b0000009-0001-0001-0001-000000000009', '9eecc46f-ba57-4c6c-bd44-3aab3e49c8a1', '412', 4, 2374.2, '2026-04-21T19:55:41.380943+00:00'),
  ('acd87e6a-d029-4348-b1c2-1094f0addd23', 'b0000009-0001-0001-0001-000000000009', '9eecc46f-ba57-4c6c-bd44-3aab3e49c8a1', '413', 4, 2374.2, '2026-04-21T19:55:41.380943+00:00'),
  ('ecc46992-2034-492d-9268-b6c27370592a', 'b0000009-0001-0001-0001-000000000009', '38da6156-b423-4822-be92-532a071a6016', '414', 4, 3304.8, '2026-04-21T19:55:41.380943+00:00'),
  ('b6a1cf7d-e440-4942-9b26-81ca9060933d', 'b0000009-0001-0001-0001-000000000009', '38da6156-b423-4822-be92-532a071a6016', '501', 5, 3304.8, '2026-04-21T19:55:41.380943+00:00'),
  ('0869f166-03c1-4d65-80cb-9de1b439430e', 'b0000009-0001-0001-0001-000000000009', '87399012-4d11-430e-94c3-b0edfbdc3c00', '502', 5, 2592, '2026-04-21T19:55:41.380943+00:00'),
  ('487a8f69-28ce-4a7c-a0b2-d04d83650bfd', 'b0000009-0001-0001-0001-000000000009', '87399012-4d11-430e-94c3-b0edfbdc3c00', '503', 5, 2592, '2026-04-21T19:55:41.380943+00:00'),
  ('24063e15-1e0f-43f9-a3f3-6e3eccfbc3c5', 'b0000009-0001-0001-0001-000000000009', '87399012-4d11-430e-94c3-b0edfbdc3c00', '504', 5, 2592, '2026-04-21T19:55:41.380943+00:00'),
  ('a16eb034-7b8c-42dc-87f6-920aa12ae6c2', 'b0000009-0001-0001-0001-000000000009', '87399012-4d11-430e-94c3-b0edfbdc3c00', '505', 5, 2592, '2026-04-21T19:55:41.380943+00:00'),
  ('e32a5395-3b6e-4c37-84da-bc45852b7f09', 'b0000009-0001-0001-0001-000000000009', '38da6156-b423-4822-be92-532a071a6016', '506', 5, 3304.8, '2026-04-21T19:55:41.380943+00:00'),
  ('4150214e-2c2d-411c-8b0a-20886e7cb694', 'b0000009-0001-0001-0001-000000000009', '38da6156-b423-4822-be92-532a071a6016', '507', 5, 3304.8, '2026-04-21T19:55:41.380943+00:00'),
  ('0dc433f8-bf26-453d-b02a-3add13fdc597', 'b0000009-0001-0001-0001-000000000009', '9eecc46f-ba57-4c6c-bd44-3aab3e49c8a1', '508', 5, 2374.2, '2026-04-21T19:55:41.380943+00:00'),
  ('115e2e34-45cc-4b16-a3d3-0542078f44b4', 'b0000009-0001-0001-0001-000000000009', '9eecc46f-ba57-4c6c-bd44-3aab3e49c8a1', '509', 5, 2374.2, '2026-04-21T19:55:41.380943+00:00'),
  ('a0b01f64-b42b-4de0-b05c-eb551b55c549', 'b0000009-0001-0001-0001-000000000009', '9eecc46f-ba57-4c6c-bd44-3aab3e49c8a1', '510', 5, 2374.2, '2026-04-21T19:55:41.380943+00:00'),
  ('fe5295da-bb25-48f2-b34f-9362d9f70d0b', 'b0000009-0001-0001-0001-000000000009', '9eecc46f-ba57-4c6c-bd44-3aab3e49c8a1', '511', 5, 2374.2, '2026-04-21T19:55:41.932195+00:00'),
  ('9a36786d-d0b2-4b7c-811f-ddae88f8dc8d', 'b0000009-0001-0001-0001-000000000009', '9eecc46f-ba57-4c6c-bd44-3aab3e49c8a1', '512', 5, 2374.2, '2026-04-21T19:55:41.932195+00:00'),
  ('75325db2-d24e-4cf0-aecc-0db71bc2f7c1', 'b0000009-0001-0001-0001-000000000009', '9eecc46f-ba57-4c6c-bd44-3aab3e49c8a1', '513', 5, 2374.2, '2026-04-21T19:55:41.932195+00:00'),
  ('7fd0071f-8566-44ce-9d2b-b80036462670', 'b0000009-0001-0001-0001-000000000009', '38da6156-b423-4822-be92-532a071a6016', '514', 5, 3304.8, '2026-04-21T19:55:41.932195+00:00'),
  ('dba88b2e-a7e3-4308-85fe-89df7afcd68d', 'b0000010-0001-0001-0001-000000000010', '38da6156-b423-4822-be92-532a071a6016', '201', 2, 3304.8, '2026-04-21T19:55:41.932195+00:00'),
  ('66cc425a-bf12-4087-82a0-d86378e2a9c2', 'b0000010-0001-0001-0001-000000000010', '87399012-4d11-430e-94c3-b0edfbdc3c00', '202', 2, 2592, '2026-04-21T19:55:41.932195+00:00'),
  ('80299166-2f8c-4dfd-a2f6-f528fa6fc9cd', 'b0000010-0001-0001-0001-000000000010', '87399012-4d11-430e-94c3-b0edfbdc3c00', '203', 2, 2592, '2026-04-21T19:55:41.932195+00:00'),
  ('144f0715-493f-42a5-9e4e-7f4f28d42c09', 'b0000010-0001-0001-0001-000000000010', '87399012-4d11-430e-94c3-b0edfbdc3c00', '204', 2, 2592, '2026-04-21T19:55:41.932195+00:00'),
  ('aa7c0373-d769-458f-8a3e-d9bd6b6f748e', 'b0000010-0001-0001-0001-000000000010', '87399012-4d11-430e-94c3-b0edfbdc3c00', '205', 2, 2592, '2026-04-21T19:55:41.932195+00:00'),
  ('ec4db7af-a10a-4aef-8532-1cbff5b10d3c', 'b0000010-0001-0001-0001-000000000010', '38da6156-b423-4822-be92-532a071a6016', '206', 2, 3304.8, '2026-04-21T19:55:41.932195+00:00'),
  ('6bc38acb-57f2-498b-9d81-8ec4c55f7052', 'b0000010-0001-0001-0001-000000000010', '38da6156-b423-4822-be92-532a071a6016', '207', 2, 3304.8, '2026-04-21T19:55:41.932195+00:00'),
  ('3e0b4588-739a-4daa-8f81-d8aedb26b992', 'b0000010-0001-0001-0001-000000000010', '9eecc46f-ba57-4c6c-bd44-3aab3e49c8a1', '208', 2, 2374.2, '2026-04-21T19:55:41.932195+00:00'),
  ('d02325c7-dafb-410b-9c73-544652db5443', 'b0000010-0001-0001-0001-000000000010', '9eecc46f-ba57-4c6c-bd44-3aab3e49c8a1', '209', 2, 2374.2, '2026-04-21T19:55:41.932195+00:00'),
  ('a2c488c0-fda4-4115-9934-138b0463253e', 'b0000010-0001-0001-0001-000000000010', '9eecc46f-ba57-4c6c-bd44-3aab3e49c8a1', '210', 2, 2374.2, '2026-04-21T19:55:41.932195+00:00'),
  ('a8b24639-63e6-4753-adc1-53d513bacdaf', 'b0000010-0001-0001-0001-000000000010', '9eecc46f-ba57-4c6c-bd44-3aab3e49c8a1', '211', 2, 2374.2, '2026-04-21T19:55:41.932195+00:00'),
  ('1183db2a-629e-4508-9f0a-f6921dd5f119', 'b0000010-0001-0001-0001-000000000010', '9eecc46f-ba57-4c6c-bd44-3aab3e49c8a1', '212', 2, 2374.2, '2026-04-21T19:55:41.932195+00:00'),
  ('ecdf101f-70e8-4a80-be10-a9901bc07e12', 'b0000010-0001-0001-0001-000000000010', '9eecc46f-ba57-4c6c-bd44-3aab3e49c8a1', '213', 2, 2374.2, '2026-04-21T19:55:41.932195+00:00'),
  ('24a00751-b118-491b-9a2c-5bd63dbef08d', 'b0000010-0001-0001-0001-000000000010', '38da6156-b423-4822-be92-532a071a6016', '214', 2, 3304.8, '2026-04-21T19:55:41.932195+00:00'),
  ('ba7e86f8-e969-426b-b944-7360e2291a90', 'b0000010-0001-0001-0001-000000000010', '38da6156-b423-4822-be92-532a071a6016', '301', 3, 3304.8, '2026-04-21T19:55:41.932195+00:00'),
  ('ae0cb54b-ed05-49f2-be11-7a5f04c2885b', 'b0000010-0001-0001-0001-000000000010', '87399012-4d11-430e-94c3-b0edfbdc3c00', '302', 3, 2592, '2026-04-21T19:55:41.932195+00:00'),
  ('667d02aa-77fc-45df-991e-f1ebb6fb62ce', 'b0000010-0001-0001-0001-000000000010', '87399012-4d11-430e-94c3-b0edfbdc3c00', '303', 3, 2592, '2026-04-21T19:55:41.932195+00:00'),
  ('4c532d96-7ffd-4c9f-af88-318fdf52400d', 'b0000010-0001-0001-0001-000000000010', '87399012-4d11-430e-94c3-b0edfbdc3c00', '304', 3, 2592, '2026-04-21T19:55:41.932195+00:00'),
  ('ed44f4a6-542b-41e0-a495-bb79a6cb0f69', 'b0000010-0001-0001-0001-000000000010', '87399012-4d11-430e-94c3-b0edfbdc3c00', '305', 3, 2592, '2026-04-21T19:55:41.932195+00:00'),
  ('8b305b7d-e7a2-4b97-b53e-6914467db620', 'b0000010-0001-0001-0001-000000000010', '38da6156-b423-4822-be92-532a071a6016', '306', 3, 3304.8, '2026-04-21T19:55:41.932195+00:00'),
  ('8a18fe3b-0ca9-4971-af2c-666628352815', 'b0000010-0001-0001-0001-000000000010', '38da6156-b423-4822-be92-532a071a6016', '307', 3, 3304.8, '2026-04-21T19:55:41.932195+00:00'),
  ('e0ec2991-bb39-44e3-aa9f-a8ba1c1d4b71', 'b0000010-0001-0001-0001-000000000010', '9eecc46f-ba57-4c6c-bd44-3aab3e49c8a1', '308', 3, 2374.2, '2026-04-21T19:55:41.932195+00:00'),
  ('15f199ed-6c23-43da-b920-9b84367c1a37', 'b0000010-0001-0001-0001-000000000010', '9eecc46f-ba57-4c6c-bd44-3aab3e49c8a1', '309', 3, 2374.2, '2026-04-21T19:55:41.932195+00:00'),
  ('c280c800-e47e-4274-8b6e-da640447ac52', 'b0000010-0001-0001-0001-000000000010', '9eecc46f-ba57-4c6c-bd44-3aab3e49c8a1', '310', 3, 2374.2, '2026-04-21T19:55:41.932195+00:00'),
  ('54a00b56-9bd5-4eaf-9b17-780655c78475', 'b0000010-0001-0001-0001-000000000010', '9eecc46f-ba57-4c6c-bd44-3aab3e49c8a1', '311', 3, 2374.2, '2026-04-21T19:55:41.932195+00:00'),
  ('67928708-1942-43e1-91fb-0c20ef0d3588', 'b0000010-0001-0001-0001-000000000010', '9eecc46f-ba57-4c6c-bd44-3aab3e49c8a1', '312', 3, 2374.2, '2026-04-21T19:55:41.932195+00:00'),
  ('8ff5be52-f422-43bf-9cae-d4508d08219d', 'b0000010-0001-0001-0001-000000000010', '9eecc46f-ba57-4c6c-bd44-3aab3e49c8a1', '313', 3, 2374.2, '2026-04-21T19:55:41.932195+00:00'),
  ('ddceef0d-d9ee-4194-a6f9-7d771ec5489e', 'b0000010-0001-0001-0001-000000000010', '38da6156-b423-4822-be92-532a071a6016', '314', 3, 3304.8, '2026-04-21T19:55:41.932195+00:00'),
  ('46b6552c-1595-4322-a125-40fae4417769', 'b0000010-0001-0001-0001-000000000010', '38da6156-b423-4822-be92-532a071a6016', '401', 4, 3304.8, '2026-04-21T19:55:41.932195+00:00'),
  ('cfb56e70-8c85-4e0b-a534-94f4f25f85b0', 'b0000010-0001-0001-0001-000000000010', '87399012-4d11-430e-94c3-b0edfbdc3c00', '402', 4, 2592, '2026-04-21T19:55:41.932195+00:00'),
  ('fef81aed-0aae-469a-a3ee-3e923c80a78e', 'b0000010-0001-0001-0001-000000000010', '87399012-4d11-430e-94c3-b0edfbdc3c00', '403', 4, 2592, '2026-04-21T19:55:41.932195+00:00'),
  ('fa19963b-8ae7-40ec-9484-915c74bc6cb5', 'b0000010-0001-0001-0001-000000000010', '87399012-4d11-430e-94c3-b0edfbdc3c00', '404', 4, 2592, '2026-04-21T19:55:41.932195+00:00'),
  ('cc2f1c78-ae08-4e78-8622-9b9d6d6599b9', 'b0000010-0001-0001-0001-000000000010', '87399012-4d11-430e-94c3-b0edfbdc3c00', '405', 4, 2592, '2026-04-21T19:55:41.932195+00:00'),
  ('faf899b1-a459-45f6-a3a7-41fb75796a18', 'b0000010-0001-0001-0001-000000000010', '38da6156-b423-4822-be92-532a071a6016', '406', 4, 3304.8, '2026-04-21T19:55:41.932195+00:00'),
  ('dd5d6f01-3ad0-4574-8c66-3cd44b632cf5', 'b0000010-0001-0001-0001-000000000010', '38da6156-b423-4822-be92-532a071a6016', '407', 4, 3304.8, '2026-04-21T19:55:41.932195+00:00'),
  ('0ef8d769-8acf-49d4-83a6-6d46a76fc83f', 'b0000010-0001-0001-0001-000000000010', '9eecc46f-ba57-4c6c-bd44-3aab3e49c8a1', '408', 4, 2374.2, '2026-04-21T19:55:41.932195+00:00'),
  ('c075677b-77e9-41ac-85a5-e6ebf8aba727', 'b0000010-0001-0001-0001-000000000010', '9eecc46f-ba57-4c6c-bd44-3aab3e49c8a1', '409', 4, 2374.2, '2026-04-21T19:55:41.932195+00:00'),
  ('30f49fb5-39b9-4ffb-aa85-f87c3f393d98', 'b0000010-0001-0001-0001-000000000010', '9eecc46f-ba57-4c6c-bd44-3aab3e49c8a1', '410', 4, 2374.2, '2026-04-21T19:55:41.932195+00:00'),
  ('cbf10951-452a-45c7-9d62-150095ee3dd2', 'b0000010-0001-0001-0001-000000000010', '9eecc46f-ba57-4c6c-bd44-3aab3e49c8a1', '411', 4, 2374.2, '2026-04-21T19:55:41.932195+00:00'),
  ('8888bac3-9b13-4d98-a41c-39cab7f4bba0', 'b0000010-0001-0001-0001-000000000010', '9eecc46f-ba57-4c6c-bd44-3aab3e49c8a1', '412', 4, 2374.2, '2026-04-21T19:55:41.932195+00:00'),
  ('35817354-d3a2-4385-b227-887a4f96de40', 'b0000010-0001-0001-0001-000000000010', '9eecc46f-ba57-4c6c-bd44-3aab3e49c8a1', '413', 4, 2374.2, '2026-04-21T19:55:41.932195+00:00'),
  ('36ddb99f-6efd-4efe-8a73-0925ab525657', 'b0000010-0001-0001-0001-000000000010', '38da6156-b423-4822-be92-532a071a6016', '414', 4, 3304.8, '2026-04-21T19:55:41.932195+00:00'),
  ('35900bea-efee-4814-94d1-9f8aab9255e1', 'b0000010-0001-0001-0001-000000000010', '38da6156-b423-4822-be92-532a071a6016', '501', 5, 3304.8, '2026-04-21T19:55:41.932195+00:00'),
  ('59d55a54-ea2b-460c-840c-67f6dd948474', 'b0000010-0001-0001-0001-000000000010', '87399012-4d11-430e-94c3-b0edfbdc3c00', '502', 5, 2592, '2026-04-21T19:55:41.932195+00:00'),
  ('d579aa3c-1abf-4d1b-b0f6-51301df7025d', 'b0000010-0001-0001-0001-000000000010', '87399012-4d11-430e-94c3-b0edfbdc3c00', '503', 5, 2592, '2026-04-21T19:55:41.932195+00:00'),
  ('1f987685-a742-461e-80eb-a95194853c54', 'b0000010-0001-0001-0001-000000000010', '87399012-4d11-430e-94c3-b0edfbdc3c00', '504', 5, 2592, '2026-04-21T19:55:41.932195+00:00'),
  ('4bc76b11-4138-4dd2-b776-e1c54c1581f8', 'b0000010-0001-0001-0001-000000000010', '87399012-4d11-430e-94c3-b0edfbdc3c00', '505', 5, 2592, '2026-04-21T19:55:42.249299+00:00'),
  ('a1caf74d-f935-48cb-886b-fea11930620b', 'b0000010-0001-0001-0001-000000000010', '38da6156-b423-4822-be92-532a071a6016', '506', 5, 3304.8, '2026-04-21T19:55:42.249299+00:00'),
  ('3fb4238d-86ba-4f60-9577-f0ea4aa37dac', 'b0000010-0001-0001-0001-000000000010', '38da6156-b423-4822-be92-532a071a6016', '507', 5, 3304.8, '2026-04-21T19:55:42.249299+00:00'),
  ('d5f8eaad-af61-4fcb-96c5-9676a095b092', 'b0000010-0001-0001-0001-000000000010', '9eecc46f-ba57-4c6c-bd44-3aab3e49c8a1', '508', 5, 2374.2, '2026-04-21T19:55:42.249299+00:00'),
  ('4f02fcae-3a21-4fc7-867a-301906894659', 'b0000010-0001-0001-0001-000000000010', '9eecc46f-ba57-4c6c-bd44-3aab3e49c8a1', '509', 5, 2374.2, '2026-04-21T19:55:42.249299+00:00'),
  ('271bf8ac-6f94-419f-8b59-c06713b5aaf3', 'b0000010-0001-0001-0001-000000000010', '9eecc46f-ba57-4c6c-bd44-3aab3e49c8a1', '510', 5, 2374.2, '2026-04-21T19:55:42.249299+00:00'),
  ('9a83bde7-5745-427c-8f11-8bcafc03f96a', 'b0000010-0001-0001-0001-000000000010', '9eecc46f-ba57-4c6c-bd44-3aab3e49c8a1', '511', 5, 2374.2, '2026-04-21T19:55:42.249299+00:00'),
  ('3ede1d2e-3391-471d-b9aa-b275ad832aca', 'b0000010-0001-0001-0001-000000000010', '9eecc46f-ba57-4c6c-bd44-3aab3e49c8a1', '512', 5, 2374.2, '2026-04-21T19:55:42.249299+00:00'),
  ('d7d61942-e2ad-4147-9c2e-f2d0731c9705', 'b0000010-0001-0001-0001-000000000010', '9eecc46f-ba57-4c6c-bd44-3aab3e49c8a1', '513', 5, 2374.2, '2026-04-21T19:55:42.249299+00:00'),
  ('9eaa3029-66cd-4637-8edb-e91d5eeb27b0', 'b0000010-0001-0001-0001-000000000010', '38da6156-b423-4822-be92-532a071a6016', '514', 5, 3304.8, '2026-04-21T19:55:42.249299+00:00');

-- ============================================================
-- CLIENTS
-- ============================================================
truncate clients cascade;

insert into clients (id, full_name, rut, address, commune, phone, email, created_by, created_at) values
  ('8127f5e1-74a4-448a-818b-2aa21e0440b4', 'nicolas canales', '171848342', 'evergreen 123', 'las condes ', '+59169071720', 'nicolas.canales.v@gmail.com', null, '2026-04-21T18:57:52.161324+00:00'),
  ('6a8d0cf0-412f-4395-b993-f954f8f68d9e', 'Juan Perez', '182286812', 'av providencia 123', 'providencia', '+56989895656', 'test@asdf.com', '91346ec7-521e-4115-8176-6228146e0d43', '2026-04-23T21:08:57.574839+00:00'),
  ('b007cfd4-df71-412a-90e5-930180ed4de2', 'kathe', '123123123-1', 'sadfasfd 123 ', 'sdafsafm', '34534534553', 'kathe@sadfsafd.com', 'ca503c63-d283-4bab-844f-5c38ffa35c0d', '2026-04-24T01:41:31.321466+00:00');

-- ============================================================
-- QUOTES
-- ============================================================
truncate quotes cascade;

insert into quotes (id, client_id, unit_id, pie_percentage, pie_amount, financing_amount, credit_type, term_years, monthly_rate, monthly_payment, balloon_payment, quote_data_snapshot, pdf_path, created_by, created_at, status, smart_cuotas_percentage) values
  ('e6958154-ebc2-41be-892e-a2f2a453f651', '8127f5e1-74a4-448a-818b-2aa21e0440b4', '277e038c-49c1-4d78-a883-b02af5f4e7c9', 7, 231.34, 3073.46, 'both', 6, 0, 42.69, 2095.79, '{"unit":{"id":"277e038c-49c1-4d78-a883-b02af5f4e7c9","floor":2,"typology":{"name":"Chicureo - Suite Armonía","surface_m2":36.72},"list_price":3304.8,"unit_number":"201"},"smart":{"total_paid":3073.46,"term_months":72,"cuotas_payment":13.77,"balloon_payment":2095.79,"financing_amount":3073.464,"cuotas_percentage":30,"balloon_percentage":63},"tower":{"id":"b0000001-0001-0001-0001-000000000001","name":"Torre 1","delivery_date":"2032-12-31","min_pie_percentage":7,"max_financing_years":6},"french":{"total_paid":3073.68,"term_months":72,"monthly_rate":0,"monthly_payment":42.69,"financing_amount":3073.464},"project":{"id":"a1b2c3d4-0001-0001-0001-000000000001","name":"VS Chicureo","currency":{"id":"46c38fb6-5137-406b-885d-e1b40937096e","code":"UF","name":"Unidad de Fomento (Chile)","symbol":"UF"},"annual_interest_rate":0,"smart_credit_enabled":true,"french_credit_enabled":true},"pie_amount":231.34,"financing_amount":3073.46}', null, '91346ec7-521e-4115-8176-6228146e0d43', '2026-04-21T20:58:20.001674+00:00', 'draft', 30),
  ('968e0420-7250-4567-aab2-8e1665352c5d', '8127f5e1-74a4-448a-818b-2aa21e0440b4', '277e038c-49c1-4d78-a883-b02af5f4e7c9', 7, 231.34, 3073.46, 'both', 6, 0, 42.69, 2095.79, '{"unit":{"id":"277e038c-49c1-4d78-a883-b02af5f4e7c9","floor":2,"typology":{"name":"Chicureo - Suite Armonía","surface_m2":36.72},"list_price":3304.8,"unit_number":"201"},"smart":{"total_paid":3073.46,"term_months":72,"cuotas_payment":13.77,"balloon_payment":2095.79,"financing_amount":3073.464,"cuotas_percentage":30,"balloon_percentage":63},"tower":{"id":"b0000001-0001-0001-0001-000000000001","name":"Torre 1","delivery_date":"2032-12-31","min_pie_percentage":7,"max_financing_years":6},"french":{"total_paid":3073.68,"term_months":72,"monthly_rate":0,"monthly_payment":42.69,"financing_amount":3073.464},"project":{"id":"a1b2c3d4-0001-0001-0001-000000000001","name":"VS Chicureo","currency":{"id":"46c38fb6-5137-406b-885d-e1b40937096e","code":"UF","name":"Unidad de Fomento (Chile)","symbol":"UF"},"annual_interest_rate":0,"smart_credit_enabled":true,"french_credit_enabled":true},"pie_amount":231.34,"financing_amount":3073.46}', null, '91346ec7-521e-4115-8176-6228146e0d43', '2026-04-21T21:34:55.292176+00:00', 'draft', 30),
  ('6dce527b-23e6-4313-af50-7298deafcb09', '8127f5e1-74a4-448a-818b-2aa21e0440b4', '277e038c-49c1-4d78-a883-b02af5f4e7c9', 7, 231.34, 3073.46, 'both', 6, 0, 42.69, 2095.79, '{"unit":{"id":"277e038c-49c1-4d78-a883-b02af5f4e7c9","floor":2,"typology":{"name":"Chicureo - Suite Armonía","surface_m2":36.72},"list_price":3304.8,"unit_number":"201"},"smart":{"total_paid":3073.46,"term_months":72,"cuotas_payment":13.77,"balloon_payment":2095.79,"financing_amount":3073.464,"cuotas_percentage":30,"balloon_percentage":63},"tower":{"id":"b0000001-0001-0001-0001-000000000001","name":"Torre 1","delivery_date":"2032-12-31","min_pie_percentage":7,"max_financing_years":6},"french":{"total_paid":3073.68,"term_months":72,"monthly_rate":0,"monthly_payment":42.69,"financing_amount":3073.464},"project":{"id":"a1b2c3d4-0001-0001-0001-000000000001","name":"VS Chicureo","currency":{"id":"46c38fb6-5137-406b-885d-e1b40937096e","code":"UF","name":"Unidad de Fomento (Chile)","symbol":"UF"},"annual_interest_rate":0,"smart_credit_enabled":true,"french_credit_enabled":true},"pie_amount":231.34,"financing_amount":3073.46}', '6dce527b-23e6-4313-af50-7298deafcb09.pdf', '91346ec7-521e-4115-8176-6228146e0d43', '2026-04-21T21:45:44.25598+00:00', 'draft', 30),
  ('9e9504b6-7ab0-44a9-843a-95fe24b84556', '8127f5e1-74a4-448a-818b-2aa21e0440b4', '277e038c-49c1-4d78-a883-b02af5f4e7c9', 7, 231.34, 3073.46, 'both', 6, 0, 42.69, 2095.79, '{"unit":{"id":"277e038c-49c1-4d78-a883-b02af5f4e7c9","floor":2,"typology":{"name":"Chicureo - Suite Armonía","surface_m2":36.72},"list_price":3304.8,"unit_number":"201"},"smart":{"total_paid":3073.46,"term_months":72,"cuotas_payment":13.77,"balloon_payment":2095.79,"financing_amount":3073.464,"cuotas_percentage":30,"balloon_percentage":63},"tower":{"id":"b0000001-0001-0001-0001-000000000001","name":"Torre 1","delivery_date":"2032-12-31","min_pie_percentage":7,"max_financing_years":6},"french":{"total_paid":3073.68,"term_months":72,"monthly_rate":0,"monthly_payment":42.69,"financing_amount":3073.464},"project":{"id":"a1b2c3d4-0001-0001-0001-000000000001","name":"VS Chicureo","currency":{"id":"46c38fb6-5137-406b-885d-e1b40937096e","code":"UF","name":"Unidad de Fomento (Chile)","symbol":"UF"},"annual_interest_rate":0,"smart_credit_enabled":true,"french_credit_enabled":true},"pie_amount":231.34,"financing_amount":3073.46}', '9e9504b6-7ab0-44a9-843a-95fe24b84556.pdf', '91346ec7-521e-4115-8176-6228146e0d43', '2026-04-22T19:45:00.765944+00:00', 'draft', 30),
  ('55daaa1a-58d3-4feb-8584-5933d0059f42', '6a8d0cf0-412f-4395-b993-f954f8f68d9e', '9ea2c2f4-92c5-4d8c-8997-aa6aee7b3a3a', 7, 181.44, 2410.56, 'both', 8, 0, 25.11, 1641.06, '{"unit":{"id":"9ea2c2f4-92c5-4d8c-8997-aa6aee7b3a3a","floor":2,"typology":{"name":"Chicureo - Suite Escencia 1","surface_m2":28.8},"list_price":2592,"unit_number":"203"},"smart":{"total_paid":2410.56,"term_months":96,"cuotas_payment":8.1,"balloon_payment":1641.06,"financing_amount":2410.56,"cuotas_percentage":30,"balloon_percentage":63},"tower":{"id":"b0000003-0001-0001-0001-000000000003","name":"Torre 3","delivery_date":"2034-12-31","min_pie_percentage":7,"max_financing_years":8},"french":{"total_paid":2410.56,"term_months":96,"monthly_rate":0,"monthly_payment":25.11,"financing_amount":2410.56},"project":{"id":"a1b2c3d4-0001-0001-0001-000000000001","name":"VS Chicureo","currency":{"id":"46c38fb6-5137-406b-885d-e1b40937096e","code":"UF","name":"Unidad de Fomento (Chile)","symbol":"UF"},"annual_interest_rate":0,"smart_credit_enabled":true,"french_credit_enabled":true},"pie_amount":181.44,"financing_amount":2410.56}', '55daaa1a-58d3-4feb-8584-5933d0059f42.pdf', '91346ec7-521e-4115-8176-6228146e0d43', '2026-04-23T21:09:04.828267+00:00', 'draft', 30),
  ('edd35c6e-0299-4250-8af0-d9ffa9ae81d4', 'b007cfd4-df71-412a-90e5-930180ed4de2', '6deb0b3b-05a6-4dca-a463-49f9a9febb27', 7, 181.44, 2410.56, 'both', 7, 0, 28.7, 1642.22, '{"unit":{"id":"6deb0b3b-05a6-4dca-a463-49f9a9febb27","floor":2,"typology":{"name":"Chicureo - Suite Escencia 1","surface_m2":28.8},"list_price":2592,"unit_number":"203"},"smart":{"total_paid":2410.8,"term_months":84,"cuotas_payment":9.26,"balloon_payment":1642.22,"financing_amount":2410.56,"cuotas_percentage":30,"balloon_percentage":63},"tower":{"id":"b0000002-0001-0001-0001-000000000002","name":"Torre 2","delivery_date":"2033-12-31","min_pie_percentage":7,"max_financing_years":7},"french":{"total_paid":2410.8,"term_months":84,"monthly_rate":0,"monthly_payment":28.7,"financing_amount":2410.56},"project":{"id":"a1b2c3d4-0001-0001-0001-000000000001","name":"VS Chicureo","currency":{"id":"46c38fb6-5137-406b-885d-e1b40937096e","code":"UF","name":"Unidad de Fomento (Chile)","symbol":"UF"},"annual_interest_rate":0,"smart_credit_enabled":true,"french_credit_enabled":true},"pie_amount":181.44,"financing_amount":2410.56}', 'edd35c6e-0299-4250-8af0-d9ffa9ae81d4.pdf', 'ca503c63-d283-4bab-844f-5c38ffa35c0d', '2026-04-24T01:41:33.505416+00:00', 'draft', 30);

-- ============================================================
-- USER_PROFILES
-- ============================================================
truncate user_profiles cascade;

insert into user_profiles (id, user_id, full_name, smtp_host, smtp_port, smtp_user, created_at, phone, is_active) values
  ('39bbde7e-b01c-4f4e-98e5-8a6b64dce67a', 'ca503c63-d283-4bab-844f-5c38ffa35c0d', 'Nicolás Canales', null, null, null, '2026-04-06T02:19:55.721481+00:00', '+59169071720', true),
  ('f690b0b5-5ed2-4bd3-a2ad-5cd48f4ffb14', '91346ec7-521e-4115-8176-6228146e0d43', 'Testing', null, null, null, '2026-04-06T20:21:22.258154+00:00', null, true);

-- ============================================================
-- USER_ROLES
-- ============================================================
truncate user_roles cascade;

insert into user_roles (user_id, role_id) values
  ('ca503c63-d283-4bab-844f-5c38ffa35c0d', 'cc7f53ec-8419-40a6-a2c6-6ade56145c65'),
  ('91346ec7-521e-4115-8176-6228146e0d43', 'cc7f53ec-8419-40a6-a2c6-6ade56145c65');

